1.26583,-0.50306,6.29
1.33375,-5.70750,4.61
1.42500,13.39611,5.51
1.56667,58.43667,5.96
1.57917,-49.07500,5.70
1.61042,64.19611,5.59
1.65333,29.02139,6.13
1.70875,-23.10750,6.18
1.82583,-17.38639,6.19
1.93375,-2.54889,6.43
1.94500,-22.50889,5.94
2.01458,-33.52944,5.68
2.05042,-2.44778,6.07
2.09708,29.09056,2.06
2.07250,-8.82389,5.99
2.17083,36.62667,6.19
2.13917,-17.57750,6.06
2.21750,25.46278,6.23
2.33417,79.71472,6.01
2.29458,59.14972,2.27
2.26000,18.21194,5.53
2.26000,-54.00194,6.33
2.33750,-27.98778,5.42
2.35292,-45.74750,3.88
2.50958,11.14556,5.51
2.58042,46.07222,5.03
2.57833,-5.24861,5.84
2.50875,-82.22389,5.28
2.67833,-12.58000,5.85
2.81625,-15.46806,4.89
2.89333,-27.79972,5.41
2.93333,-35.13306,5.25
2.99625,48.15250,6.16
3.04167,-17.93833,5.25
3.30917,15.18361,2.83
3.35000,26.98722,6.30
3.37833,41.03528,5.72
3.42542,-26.02194,5.94
3.43417,-26.28472,6.31
3.50958,33.20611,6.25
3.65083,20.20667,4.80
3.61500,-7.78056,5.12
3.33083,-84.99417,5.77
3.66000,-18.93278,4.44
3.73375,22.28417,6.24
3.74500,8.82083,5.79
3.72708,-9.56972,5.75
3.77917,31.53583,6.45
3.79417,27.28306,6.35
3.74250,-34.90444,6.17
4.05833,76.95083,6.35
4.09000,43.59472,6.15
4.03708,-31.44639,5.67
3.98000,-75.91139,6.49
4.14208,8.24000,6.11
4.23792,61.53333,5.74
4.17708,-20.21056,6.47
4.28792,47.94750,5.89
4.27292,38.68167,4.61
4.42917,51.43306,6.14
4.38583,-19.05111,6.45
4.44875,1.68889,6.17
4.58208,36.78528,4.52
4.57167,11.20583,6.05
4.67542,43.79111,6.11
4.65958,31.51722,5.87
4.67417,-8.05278,6.46
4.67750,-43.23528,6.33
4.85708,-8.82389,3.56
4.92333,40.72972,6.33
5.01792,-64.87472,4.23
5.10167,30.93583,5.90
5.18958,32.91139,5.79
5.14958,8.19028,5.37
5.28042,37.96861,5.18
5.16250,-69.62500,5.51
5.38000,-28.98167,5.18
5.44292,-20.05778,5.12
5.60625,13.48250,6.23
5.36917,-77.42694,5.97
5.71583,-12.20944,6.39
6.06500,52.02000,5.57
6.19792,61.83111,5.40
6.12375,-2.21917,6.07
6.27667,53.04694,5.74
6.35083,1.93972,5.77
6.43792,-77.25417,2.80
6.57083,-42.30611,2.39
6.55083,-43.68000,3.94
6.65583,-0.04972,6.19
6.81125,-25.54722,5.98
7.01208,17.89306,5.06
7.05708,44.39444,5.17
6.98208,-33.00722,4.81
7.05292,16.44500,6.06
7.08375,10.18972,6.04
7.08792,-20.33500,6.43
7.11000,-39.91500,5.43
7.23583,36.90000,6.26
7.17958,-50.53278,6.26
7.72917,77.01944,6.21
7.58292,59.97722,5.94
7.53042,29.75167,5.23
7.46625,-14.86417,6.14
7.51000,-3.95722,5.72
7.59458,-23.78778,5.19
7.61583,-40.93944,6.19
7.60875,-48.21500,5.69
7.85542,66.51944,6.18
7.85667,33.58167,5.87
7.94333,54.52222,4.73
7.92167,52.83944,5.60
7.85417,-48.80361,4.77
7.88625,-62.95806,4.37
7.89000,-62.96583,4.54
8.33042,70.98167,6.42
8.25000,62.93167,4.16
8.14792,20.29444,5.38
8.09917,6.95556,5.67
8.20458,28.28028,6.30
8.29333,54.89500,5.93
8.18250,-63.03111,5.09
8.60375,66.75028,6.48
8.42125,-29.55833,5.55
8.34708,-71.26611,6.13
8.61583,-52.37306,5.57
8.73042,13.37111,6.40
8.81208,-3.59278,5.20
8.88667,-0.50556,5.93
9.03458,54.16861,5.08
8.97792,13.20667,6.41
9.11375,60.32611,5.79
8.92125,-48.00083,5.51
8.88917,-54.82194,6.06
9.08333,27.25472,6.50
9.01250,-14.97361,6.45
9.02875,-22.84250,6.06
9.19417,44.48861,5.13
9.24292,53.89694,3.66
9.22042,33.71944,4.36
9.19708,15.23167,5.89
9.28000,24.01417,6.47
9.33792,35.39944,5.48
9.94708,82.49389,6.40
9.33625,-24.76722,5.57
9.15583,-65.12472,6.42
9.37708,3.13528,6.39
9.32542,-54.39417,6.41
9.63875,29.31167,4.37
9.79125,49.35444,5.43
9.83208,30.86083,3.27
9.84083,21.25056,5.87
9.98167,21.43833,5.36
10.12708,56.53722,2.23
9.96667,-44.79667,6.01
10.11917,-16.51694,6.49
10.13708,-23.80444,6.14
10.17667,-4.35194,5.91
10.28000,39.45861,5.33
10.11000,-59.45444,5.89
10.51417,66.14750,5.83
10.40000,24.62917,6.04
10.51625,50.51250,4.80
10.33167,-46.08500,4.59
10.62958,58.75333,6.17
10.44333,-56.50167,5.70
10.86708,47.02472,4.94
10.67875,-38.46333,6.06
10.67417,-60.26250,5.98
10.61833,-65.46806,5.39
10.89750,-17.98667,2.04
11.11000,47.86417,5.67
10.95917,-12.01167,6.02
10.83833,-57.46306,4.36
11.41250,74.98806,5.66
11.18125,48.28444,4.54
11.04750,-10.60944,4.76
11.05042,-38.42167,5.90
11.32167,55.22167,5.42
11.18500,-22.00611,5.24
11.23792,-42.67667,5.94
11.13458,-62.49778,6.07
11.66250,69.32500,6.33
11.35042,-4.62917,6.15
11.25000,-53.71500,6.15
11.36958,-12.88083,6.15
11.54542,44.86139,6.05
11.42375,-16.42417,6.47
11.67667,59.57444,6.39
11.94208,74.84750,5.41
11.44000,-47.55167,5.80
11.54917,-22.52194,5.50
11.63750,15.47556,5.38
12.03792,72.67500,5.87
11.75625,11.97389,5.50
11.80667,19.57889,6.13
11.83458,24.26722,4.06
11.84833,6.74083,5.99
11.93042,-18.06139,5.70
12.27500,57.81583,3.44
12.00458,-21.72250,5.57
12.07250,7.30000,5.93
12.09583,5.28056,5.75
12.20875,50.96833,4.89
12.17083,7.58500,4.43
12.24458,16.94056,5.07
12.45333,41.07889,4.53
12.35667,-13.56139,5.59
12.30792,-24.13639,5.90
12.23625,-46.69778,6.27
12.38917,-23.36167,6.28
12.68167,64.24750,5.39
12.57625,45.00222,6.15
12.53167,-10.64444,5.19
12.14750,-74.92333,5.07
12.81833,61.80583,6.07
12.73917,51.50806,6.39
12.51542,-43.39472,6.48
13.72125,83.70722,5.62
12.89042,51.57111,6.21
12.67167,-50.98694,5.22
12.82625,3.38500,6.37
13.26708,61.12417,4.82
13.16917,-24.00583,5.46
13.25208,-1.14417,4.77
13.36750,37.41806,6.06
13.44833,52.68917,6.27
13.30167,-24.77694,6.46
13.10125,-69.50444,6.22
13.75042,58.97278,4.83
13.64667,19.18833,5.74
13.57333,-8.74083,6.16
13.77167,48.67861,6.27
13.40792,-62.87139,5.70
13.74167,23.62833,5.47
13.81125,24.55694,6.20
14.05375,57.99667,6.21
14.23167,68.77611,6.37
13.99375,27.20944,6.09
13.92667,-7.34722,5.85
14.17708,60.71667,2.47
14.16583,59.18111,4.63
14.19625,60.36278,5.55
14.00625,-11.26667,5.31
13.98125,-27.77556,6.10
14.18833,38.49944,3.87
13.75125,-69.52694,5.45
14.30167,23.41750,4.42
14.41542,45.83972,6.12
14.62958,66.35222,5.97
14.45917,28.99222,5.42
14.55917,33.95083,5.98
14.47708,13.69583,6.32
14.57875,21.40444,6.37
15.12917,70.98306,6.39
14.68292,-11.38000,5.61
14.65167,-29.35750,4.31
14.59333,-60.69639,6.23
15.01500,44.71333,6.04
14.95708,6.48306,6.11
17.18625,86.25694,4.25
23.46000,89.01556,6.46
15.57667,51.03500,6.47
15.32625,-38.91667,5.59
15.75625,47.37611,6.45
15.72625,41.34500,5.98
15.70458,31.80444,5.50
15.90417,61.07500,5.92
15.61000,-31.55194,5.50
15.73583,7.89000,4.28
15.50750,-57.00250,6.11
15.76083,-4.83667,5.43
16.08167,61.58028,5.84
16.01000,52.50222,5.99
15.70500,-46.39750,5.36
15.82333,-29.52583,6.29
15.95417,1.36667,6.04
16.11500,29.65861,6.19
15.67875,-65.45611,6.21
19.05625,87.14528,6.25
16.21917,5.65639,6.00
16.27250,14.94611,5.68
16.42042,21.47333,5.34
16.42375,21.46528,5.56
17.30125,80.01167,6.29
16.45500,4.90833,6.35
16.40333,-9.97917,6.12
16.75083,56.93500,6.43
16.52125,-9.83944,5.58
16.78958,53.49833,6.38
16.64000,12.95611,6.12
16.53208,-23.99250,6.14
17.06833,54.92028,5.17
16.52083,-46.71861,3.31
17.00375,43.94194,5.03
16.80458,-23.99639,6.37
17.13875,58.26361,5.79
17.00542,32.01222,6.25
16.98833,20.73917,5.55
16.94250,-9.78556,5.82
17.09250,5.64972,5.52
16.94958,-41.48694,5.21
16.82792,-61.77528,5.37
18.06958,79.67389,5.64
17.14750,-10.18222,3.45
17.37583,47.24194,4.25
17.66375,68.77861,5.29
17.43292,35.62056,2.06
17.09625,-55.24583,3.92
17.45500,19.65861,5.55
17.57833,42.08139,5.65
17.58083,25.45778,5.80
17.85667,64.20278,5.55
17.77583,55.14972,4.33
17.54792,15.67417,6.06
17.92250,65.01889,5.57
17.55000,-8.90611,6.40
17.64000,2.44556,5.95
17.79292,37.72417,5.81
17.77833,31.42472,5.16
17.53083,-57.69444,6.41
17.86333,21.03472,4.66
17.91500,30.08972,4.51
17.93125,-2.25111,5.94
18.29125,61.70583,6.41
18.14167,45.33778,6.11
18.24792,30.06417,6.19
19.12792,79.91000,6.26
18.18917,-37.85639,5.92
18.43708,24.58361,4.65
18.43292,7.57528,5.24
18.43875,7.57833,6.30
18.52083,28.52972,6.43
18.53167,16.13361,5.98
18.60000,-7.92306,5.13
18.67667,6.99528,6.03
18.70500,-0.97389,5.70
18.79625,-45.53139,4.96
19.07833,33.11472,6.02
19.27125,44.90194,6.34
19.15125,-2.50028,5.41
20.08125,77.57056,6.31
19.54250,47.41972,6.25
18.94208,-68.87611,4.86
19.45000,3.61444,5.16
19.69583,37.38611,6.46
19.26500,-66.39806,6.24
20.49625,76.23889,6.38
20.02042,58.23167,4.98
19.86667,27.26417,4.76
20.27167,64.65833,6.34
19.95125,-0.50889,5.87
20.94500,78.72583,6.07
20.14375,-3.24694,6.23
20.11583,-11.23889,6.15
20.28083,28.73806,5.23
20.58500,45.52889,4.88
20.84000,58.14306,6.45
20.65417,1.72639,6.20
20.64500,-0.44972,6.49
20.62708,-19.08139,6.35
20.91917,37.71500,5.58
20.90625,34.24583,6.29
20.85375,20.46889,5.97
21.44375,70.98000,6.49
21.48333,68.13000,4.74
20.87917,-30.94556,5.84
21.01042,-8.00750,6.21
21.00583,-8.18333,3.60
21.45417,60.23528,2.68
21.08583,-6.91472,5.91
21.16583,-15.66028,6.14
21.20292,-2.84861,6.15
21.39875,23.51167,6.18
21.17000,-41.49250,5.42
21.57750,43.45778,5.96
21.53625,34.57972,6.31
21.17458,-44.52833,6.26
21.40500,-14.59889,4.90
21.56375,19.17222,5.38
21.67375,19.24028,5.50
21.77583,34.37750,6.27
21.61375,-0.39861,6.41
21.91417,45.40667,4.83
21.86083,41.10056,6.46
21.27208,-64.36944,5.93
21.71500,-13.05667,5.66
21.74208,-32.54306,5.79
37.95292,89.26417,2.02
21.94417,-10.90167,6.13
22.09542,7.96139,6.20
22.80750,70.26472,5.81
22.71792,66.09806,6.14
22.09125,-43.31833,3.41
22.52583,47.00722,5.27
22.47042,18.35556,6.02
22.40042,-21.62944,5.12
22.54625,6.14389,4.84
22.37667,-46.75639,6.31
22.59542,-26.20778,5.93
22.87083,15.34583,3.62
23.03167,34.80000,6.39
23.35750,58.32750,5.70
22.81292,-49.07278,3.95
22.93042,-30.28333,5.82
23.48292,59.23194,4.71
22.91292,-45.57556,6.17
23.23333,-36.86528,5.51
23.56917,37.23722,5.88
23.15125,-49.72778,6.28
23.42875,-7.02528,5.76
23.70458,18.46056,5.89
23.65750,-15.67611,5.63
23.96875,41.07639,6.38
23.71125,-31.89222,6.12
24.11333,48.72278,5.92
23.94333,14.66139,6.22
24.62875,73.04000,5.28
23.97833,17.43361,5.80
24.19917,41.40556,4.09
23.99583,-15.40028,5.42
23.81333,-58.13944,6.01
24.53167,57.97750,5.56
24.03500,-29.90750,5.69
24.27458,12.14167,5.57
24.49833,48.62833,3.57
24.63208,45.40000,6.36
24.40708,-9.40389,6.24
23.41333,-78.50472,6.11
24.18667,-58.27083,6.18
24.83750,44.38611,4.98
25.05458,53.86833,6.39
24.61417,-36.52833,5.94
24.42875,-57.23667,0.46
24.71583,-21.27528,5.58
24.92000,16.40583,5.97
25.16583,43.29778,5.61
25.14500,40.57694,4.94
25.58542,68.04306,5.59
25.73292,70.62250,5.18
25.57417,58.62778,6.37
25.44667,42.61361,4.95
25.32667,25.74583,6.17
25.41333,30.04722,5.99
24.94750,-56.19806,5.87
24.94917,-56.19472,5.76
25.74333,61.42167,6.34
25.35792,5.48750,4.44
25.51458,35.24556,5.64
25.83208,60.55111,5.78
25.43625,-11.32472,5.75
25.62417,20.26861,5.24
25.36375,-38.13306,6.17
25.81875,45.32222,6.34
25.91500,50.68861,4.07
25.53583,-32.32694,5.25
25.51250,-36.83250,5.72
26.07458,57.53639,6.21
25.68125,-3.69028,4.99
26.19208,57.08917,6.25
25.95833,32.19167,6.34
26.11042,46.13972,6.35
25.45000,-60.78944,5.71
25.62208,-53.74056,5.52
25.97833,-4.76556,6.19
26.23250,20.08306,6.27
26.01708,-15.93750,3.50
26.34833,9.15778,4.26
26.93667,63.85222,5.63
24.48167,-82.97500,5.87
26.49708,-5.73333,5.34
26.41167,-25.05250,5.31
25.33875,-79.14833,6.33
26.50417,-27.34917,6.39
26.95000,46.22972,6.32
26.52417,-50.81639,5.49
26.52625,-53.52194,5.04
27.16208,37.95278,5.94
27.04542,16.95556,5.84
27.17333,32.69028,5.79
26.82000,-41.76000,6.18
24.36667,-84.76972,5.69
27.31542,47.89694,5.82
27.10833,3.68556,5.91
26.94917,-37.15972,6.32
27.73792,51.93333,5.90
27.53542,22.27528,5.86
27.39625,-10.68639,4.67
27.33125,-31.07278,6.34
27.99708,55.14750,5.52
27.71667,11.04333,5.94
27.45333,-38.40389,6.37
28.03917,50.79278,5.79
27.58417,-47.81639,6.14
28.21167,51.47472,6.26
27.86500,-10.33500,3.73
28.45208,55.59806,6.45
27.72708,-50.20611,5.94
28.59875,63.67000,3.38
28.32208,40.72972,5.40
28.27042,29.57889,3.41
28.38250,19.29583,4.83
28.38250,19.29361,4.75
28.21708,-16.92917,5.80
29.00000,68.68528,4.99
28.38875,3.18750,4.62
26.94375,-80.17667,6.06
28.72417,40.70194,6.24
28.73958,37.12833,6.26
28.66000,20.80806,2.64
28.34667,-38.59472,6.10
28.41167,-46.30250,4.41
28.97667,37.27778,5.89
29.03875,37.25167,5.67
28.59167,-42.49694,5.11
28.96250,23.57722,5.74
28.97417,1.84972,6.01
29.63875,61.69806,6.02
29.33792,17.81750,5.10
29.43250,27.80444,5.82
29.16750,-22.52694,4.85
28.98958,-51.60889,3.70
29.90833,64.62139,5.26
29.64000,49.20417,5.69
29.48208,23.59611,4.79
28.73375,-67.64722,4.69
28.94333,-60.86139,6.06
30.73833,77.91639,6.04
29.25042,-51.76611,6.10
29.29167,-47.38500,4.83
30.48917,70.90694,4.54
29.61125,-33.06667,6.35
29.89875,21.05833,5.87
29.85792,12.29472,6.09
30.79375,73.85056,6.23
30.85875,72.42139,3.98
31.28083,77.28139,5.38
30.03833,3.09722,5.88
29.94208,-20.82444,5.41
29.47333,-65.42472,6.37
30.00125,-21.07778,4.00
30.71958,64.90139,6.00
30.11208,-8.52361,5.51
29.91167,-42.03056,5.57
30.75125,64.39000,5.58
30.57542,54.48750,5.04
29.69250,-61.56972,2.86
31.38000,76.11500,5.22
28.96042,-78.34833,6.16
30.31125,-30.00167,5.35
30.51167,2.76361,5.23
30.51167,2.76361,4.33
32.35542,81.29583,6.05
30.74167,33.28389,5.50
29.92125,-66.06639,6.10
30.64667,13.47667,5.94
30.42667,-44.71361,5.14
30.97500,42.32972,2.26
30.97792,42.33083,4.84
30.91375,25.93556,5.63
30.61708,-29.66500,6.42
30.79875,0.12833,5.43
30.74417,-15.30583,5.86
30.92750,18.25333,6.21
30.95083,-0.34028,5.93
30.91875,-4.10361,5.62
31.12250,-29.29694,4.69
31.64125,22.64833,5.03
31.55125,8.24750,6.31
31.70500,25.70472,6.15
31.62208,0.03500,6.28
31.79333,23.46250,2.00
32.16875,58.42361,5.67
32.14000,44.45944,6.42
32.12208,37.85917,4.82
32.53250,53.84306,6.31
32.38583,34.98722,3.00
32.35542,25.93972,4.98
32.34625,17.22444,6.43
32.19042,-17.77944,6.10
33.33833,74.02778,6.29
32.87083,57.64583,6.36
32.72000,39.03944,5.63
32.72375,39.04306,6.10
32.39500,-24.34583,6.48
32.65667,19.50028,5.70
32.28875,-43.51667,5.85
32.80000,25.93694,6.02
32.85417,31.52639,6.23
32.83792,8.56972,5.63
32.52042,-43.81556,6.32
32.60667,-50.82444,6.12
32.84250,-10.05222,6.01
32.89917,-1.82528,5.93
33.62125,66.52444,6.07
33.42292,58.56111,6.44
33.09292,30.30306,4.94
33.30542,44.23167,4.83
33.15625,24.16778,5.96
33.40125,51.06583,5.31
33.20042,21.21083,5.27
33.51083,47.48417,6.06
33.26375,15.27972,5.71
33.25000,8.84667,4.37
33.19792,-2.39361,5.54
33.25375,-21.00028,5.86
33.22708,-30.72389,5.28
33.99125,47.81139,6.33
34.21542,57.05528,6.48
33.98417,33.35889,5.28
33.94167,25.78306,5.79
33.92833,25.04306,5.58
33.63333,-41.16667,5.91
34.26333,34.22417,4.87
34.49958,57.89972,5.75
34.51875,57.51667,5.98
34.32875,33.84722,4.01
34.24583,-6.42222,5.51
33.56125,-67.84167,5.55
34.53125,19.90111,5.62
34.82000,47.38000,5.30
34.79542,46.47250,6.21
34.50583,1.75778,5.58
34.84458,48.95528,6.37
34.12750,-51.51222,3.56
34.73750,28.64250,5.03
34.74167,23.16778,6.46
33.86875,-67.74639,5.69
35.17250,47.31083,6.11
35.01833,30.18833,6.47
34.83625,-2.97750,3.04
35.24250,50.15139,5.59
34.74375,-25.94556,6.34
34.92000,-4.34556,6.50
35.58917,55.84556,5.17
34.85292,-41.84833,6.37
35.70958,41.39639,5.82
34.97625,-55.94472,5.81
35.48583,0.39583,5.28
35.96583,55.36444,6.28
35.55167,-0.88500,5.42
35.50583,-10.77778,5.46
35.52083,-17.66222,5.87
36.10375,50.00667,5.19
35.63583,-23.81639,5.20
36.31667,56.61000,6.25
35.74083,-18.35444,6.22
35.54917,-43.20000,6.31
36.40583,50.27861,4.71
35.72750,-51.09222,5.92
36.20417,10.61056,5.47
36.08375,-25.84750,6.44
36.24333,-2.78000,6.33
35.43708,-68.65944,4.09
36.14083,-40.84056,6.18
37.26667,67.40250,4.52
36.48750,-12.29056,4.89
36.96583,50.56972,6.12
36.50125,-15.34111,5.83
36.77917,27.01333,6.18
36.86542,31.80139,5.54
36.64667,-20.04278,5.88
36.22458,-60.31194,5.35
35.71792,-73.64583,5.01
37.04167,29.66944,5.29
37.03958,8.46000,4.28
37.00000,1.96083,6.45
37.20208,29.93194,5.89
36.74625,-47.70389,4.25
36.35958,-66.49472,6.41
37.30667,23.46889,6.19
37.00708,-33.81111,5.14
37.39708,9.56583,6.07
37.56917,33.83389,6.25
37.14750,-31.10250,6.11
37.63500,25.23500,5.92
37.66000,19.85528,6.15
37.72667,17.70389,6.23
37.68833,0.25528,6.00
37.01833,-64.29972,6.37
37.63667,-22.54556,6.10
38.02583,36.14722,5.15
37.87542,2.26722,5.25
38.21875,34.54250,5.83
38.03917,-1.03500,5.35
38.02167,-15.24472,4.75
38.22542,15.03472,6.04
38.06167,-36.42750,6.30
39.50833,72.81833,5.16
38.27917,-34.65000,5.90
38.41750,-20.00194,6.21
38.86625,39.66444,6.36
39.40042,65.74556,5.78
38.91167,37.31222,5.71
38.46125,-28.23250,4.90
38.94500,34.68750,5.35
38.76708,7.47139,6.18
38.67792,-7.85944,5.75
39.02042,6.88694,5.82
38.96875,5.59333,4.86
38.47750,-51.09361,6.24
39.23833,38.73278,5.90
39.17875,31.60750,6.10
39.26042,34.26389,5.30
39.00000,-7.83167,5.53
39.27667,32.89194,6.25
39.15792,12.44750,5.68
39.25208,24.64750,6.50
39.14625,7.72972,5.81
39.03875,-30.04472,5.75
39.57417,37.72667,6.18
39.61583,38.08944,6.30
39.50333,7.69528,6.39
39.42417,-3.39611,5.65
39.24417,-34.57833,5.79
39.70417,21.96139,5.43
41.94833,81.44833,5.78
39.65375,3.44306,6.21
37.91875,-79.10944,5.28
39.57792,-30.19417,5.83
39.35167,-52.54306,5.31
39.87083,0.32861,4.07
39.60333,-37.99056,6.49
39.89083,-11.87222,4.84
40.17125,27.06083,5.30
40.06542,6.11194,6.25
40.05125,-9.45306,5.78
40.76167,55.10583,5.77
40.74875,53.52611,5.84
40.56208,40.19389,4.91
39.95000,-42.89167,4.75
40.30792,-0.69583,5.71
41.20708,67.82472,5.95
40.75792,48.26556,6.48
40.59167,20.01167,5.69
40.16667,-39.85556,4.11
40.45125,-3.21333,6.05
40.39167,-14.54944,5.98
40.62042,10.74167,6.30
41.05000,49.22833,4.12
41.02167,44.29694,5.43
40.86292,27.70722,4.66
40.16500,-54.55000,5.21
40.96333,25.63806,6.35
40.82500,3.23583,3.47
40.52750,-38.38389,6.01
39.89750,-68.26694,4.11
40.53542,-46.52444,6.10
41.07958,17.76389,6.46
41.13708,15.31167,5.77
40.63958,-50.80028,5.41
41.03083,-13.85861,4.25
41.24000,12.44583,5.18
41.23542,10.11417,4.27
40.83458,-40.52750,6.36
42.23125,69.63417,6.18
41.33708,4.71167,6.03
41.08542,-32.52500,6.22
41.27583,-18.57250,4.47
41.74292,35.98361,6.25
41.76458,35.55500,6.30
41.04458,-52.57056,6.15
40.86083,-66.71444,6.26
41.97708,29.24722,4.51
42.37833,57.08417,6.25
41.68833,-21.63972,6.49
41.79667,-22.48556,6.47
42.13375,18.28361,5.82
42.99458,68.88861,5.80
42.19125,25.18806,5.86
42.36292,37.32611,6.45
41.36458,-63.70444,5.74
42.67417,55.89556,3.76
42.32292,17.46417,5.22
41.38583,-67.61667,4.84
42.49583,27.26056,3.63
42.93958,58.31472,6.45
42.64625,38.31861,4.23
42.27250,-32.40583,4.46
42.92375,46.84194,5.88
42.87833,35.05972,4.53
42.46250,-24.56028,6.14
42.47583,-27.94167,5.39
43.21667,52.99778,6.36
42.87333,15.08194,5.49
42.56167,-35.84361,5.92
43.33833,48.56944,6.26
42.75958,-21.00417,4.75
42.66833,-35.67611,5.47
42.25625,-62.80667,5.26
42.69958,-39.93167,6.36
43.56458,52.76250,3.95
43.42750,38.33750,5.33
43.29875,16.48333,6.31
43.13375,-12.76944,6.04
42.98042,-30.81444,6.40
43.21042,-9.44111,6.32
43.98708,61.52111,5.59
44.10333,64.33250,6.24
43.39708,-22.37639,5.95
43.39333,-38.43694,5.92
44.21083,51.26083,6.22
44.13917,47.16389,6.02
43.08000,-62.90972,6.03
43.95208,18.33167,5.91
43.47042,-49.89028,4.00
44.10875,18.02306,5.63
44.05750,8.38167,5.97
43.52708,-50.87139,6.21
42.61875,-75.06694,4.75
44.32208,31.93417,5.11
44.10708,-8.89806,3.89
44.15583,-3.71222,5.17
44.50958,38.61500,6.04
44.26917,4.50111,6.11
44.52167,20.66861,5.80
44.69042,39.66278,4.70
46.53250,79.41861,5.49
44.76542,35.18306,4.93
44.34875,-23.86194,5.45
44.30458,-29.85528,6.29
44.95792,47.22083,5.47
44.91625,41.03306,5.89
44.80292,21.34028,4.63
44.80292,21.34028,4.63
44.52375,-23.60611,5.84
45.21750,52.35167,5.28
44.67500,-2.78250,5.23
44.38625,-38.19111,6.41
45.04917,38.13167,6.11
44.69750,-9.77639,6.14
44.92875,8.90750,4.70
44.56542,-40.30472,3.24
44.56792,-40.30444,4.35
44.92167,-2.46500,5.56
44.77750,-28.90694,6.14
44.90042,-25.27417,5.71
45.18375,10.87028,5.95
44.90958,-32.50722,6.31
45.21250,-2.87861,6.11
45.47542,26.46222,5.90
47.92833,81.47056,5.95
45.29167,-7.66278,5.75
45.46792,5.33611,6.25
44.69917,-64.07139,4.99
45.59375,4.35278,5.61
45.57000,4.08972,2.53
45.48375,-9.96139,5.83
45.53875,-6.49472,6.19
45.40708,-28.09167,5.89
46.19917,53.50639,2.93
45.87625,28.26972,6.36
45.67625,-7.68528,5.32
46.38500,56.70583,4.76
45.59792,-23.62444,4.09
46.41625,56.06861,6.11
46.29417,38.84028,3.39
46.82917,64.05778,5.89
46.33667,40.58250,6.05
46.16958,15.85611,6.49
46.06833,-7.60083,5.26
46.15875,1.86361,6.05
45.73292,-46.97500,5.82
47.01625,52.21333,6.31
46.59875,13.18722,5.62
47.98458,74.39361,4.87
46.94750,47.30833,6.41
45.90333,-59.73778,5.11
46.63958,-6.08861,5.27
47.04208,40.95556,2.12
47.26667,49.61333,4.05
46.85708,17.88000,6.11
45.56417,-71.90250,5.53
47.08833,18.79500,6.27
47.37417,44.85722,3.80
47.16125,8.47083,6.28
46.96208,-27.83111,6.19
47.40292,29.07694,5.72
47.53667,27.82000,6.42
47.61250,26.89639,6.02
47.82250,39.61167,4.63
47.66208,11.87250,5.98
48.11000,47.72583,6.33
48.04000,42.37611,6.15
47.90750,19.72667,4.35
47.84125,13.04778,6.12
47.64750,-23.73833,6.38
48.05917,27.25694,5.79
47.82833,-3.81167,6.05
48.35000,48.17694,5.90
47.82000,-16.02528,6.26
48.11000,6.66083,5.56
46.95500,-69.26556,6.15
47.61417,-48.73417,6.12
50.08208,77.73472,5.45
48.19333,-1.19611,5.06
48.01792,-28.98694,3.87
48.95000,57.14083,5.79
53.08375,84.91111,5.61
48.73625,42.50389,6.07
49.38167,65.65861,6.36
48.10750,-44.41972,5.93
49.05083,50.93778,5.03
48.25625,-35.94389,6.27
48.83542,30.55667,5.52
48.72542,21.04444,4.89
49.01958,45.34583,6.16
48.40833,-29.80417,6.16
48.94583,32.85639,6.31
49.00792,34.68861,6.25
48.13833,-57.32167,5.74
49.14625,32.18361,6.06
49.29750,40.48333,6.45
48.75083,-26.10028,6.25
46.88333,-78.98944,5.57
49.44750,44.02500,5.47
49.00375,-5.91861,6.17
48.95833,-8.81972,4.80
49.99750,65.65222,4.84
49.44083,39.28333,5.96
49.65750,50.22222,5.15
49.14875,-9.15444,6.14
49.78167,50.09500,5.03
49.68250,34.22278,4.82
49.59333,-0.93028,5.38
49.51167,-28.79694,5.91
49.59208,-22.51139,4.88
49.98250,27.07111,5.90
49.84042,3.37028,4.83
49.67167,-18.55972,5.71
49.36083,-47.75167,5.85
50.08500,29.04833,4.47
50.10667,25.66278,6.12
50.46917,49.07083,5.93
50.36042,43.32944,4.95
49.87917,-21.75778,3.69
49.89500,-24.12306,5.61
50.30667,21.14694,5.28
49.44250,-62.57528,5.54
50.27833,3.67556,5.69
49.98208,-43.06972,4.27
51.16875,64.58611,5.23
49.55375,-62.50639,5.24
50.80500,49.21333,5.29
50.54958,27.60750,5.52
50.18833,-26.60639,6.39
49.49583,-66.92694,6.05
50.68833,20.74194,5.09
50.35000,-23.63528,5.52
51.08083,49.86111,1.79
50.56792,-25.58778,6.35
51.12375,33.53583,5.61
50.38875,-47.77694,6.39
51.07708,24.72417,5.50
50.91292,4.88194,6.38
50.82417,-7.79417,6.20
48.99000,-77.38833,5.52
51.10875,20.80361,6.08
51.04208,12.62944,6.04
51.48917,49.12083,6.09
51.20333,9.02889,3.60
50.93583,-32.70722,6.50
52.58125,71.86389,6.32
52.09833,60.25556,6.49
52.01292,49.06278,4.98
52.26708,59.94028,4.21
52.21833,49.84833,5.58
51.79250,9.73278,3.74
51.82792,12.73500,6.28
52.47875,58.87861,4.54
52.08667,33.80750,5.61
51.48250,-35.92083,6.39
52.54708,59.36611,6.13
52.34208,49.50889,4.67
51.59375,-27.31750,5.93
52.50083,55.45194,5.09
52.35917,46.93778,6.24
52.11083,22.80417,6.03
51.54875,-41.63694,6.32
52.00417,-11.28667,5.73
52.65417,48.10361,5.82
52.64375,47.99528,4.36
51.01042,-69.62472,6.15
51.88917,-35.68139,5.71
52.87250,49.20972,6.29
52.04792,-35.85333,6.50
52.95458,49.40083,6.39
52.41292,-6.80500,5.99
52.60208,11.33639,5.14
52.40000,-12.67472,5.59
53.03583,48.02361,5.47
51.40083,-69.33639,5.96
52.83667,27.57194,5.96
52.71833,12.93667,4.11
52.68917,6.18861,5.94
53.38375,58.76500,6.40
53.10958,46.05694,5.31
52.65458,-5.07528,4.73
53.42167,57.86889,6.37
53.16292,44.85556,6.41
53.41250,54.97472,5.98
53.16667,35.46167,5.90
52.47917,-42.63417,5.78
52.55667,-41.37000,6.12
53.75333,60.04111,6.46
53.39625,39.89944,5.81
53.15000,9.37361,5.77
54.85333,75.73972,6.27
52.65417,-47.37528,5.99
52.97458,-25.61417,6.38
52.34458,-62.93750,4.72
53.23250,-9.45833,3.73
53.53458,17.83278,6.17
53.61083,24.46444,5.92
54.12250,48.19278,4.23
53.44708,-21.63278,4.27
53.70500,6.41778,6.49
53.14500,-50.37861,5.68
53.65583,-9.86861,6.25
52.71500,-66.48972,5.83
53.48667,-31.08028,6.20
54.58208,56.93278,6.30
53.63958,-31.87472,6.40
53.21500,-61.01694,6.41
54.50083,42.58306,6.42
53.99042,-11.19361,5.57
54.19708,0.58778,5.71
54.07250,-17.46694,5.23
54.21833,0.40167,4.28
54.44917,15.43083,6.39
54.75042,20.91583,6.50
55.53875,63.21667,5.10
54.27375,-40.27472,4.58
62.50625,86.62611,5.86
54.62167,-7.39167,5.85
52.49500,-78.35194,5.70
54.85708,16.53667,6.16
54.75458,-5.62611,5.96
55.67792,59.96944,5.76
55.28292,37.58000,5.57
54.69875,-27.94306,6.01
54.96292,3.05694,5.57
54.90958,-3.39306,6.23
54.85583,-10.43722,6.19
55.19292,25.32944,6.11
54.99792,-1.12056,6.12
55.04750,-15.22667,6.33
55.15958,-5.21056,5.53
55.73125,47.78750,3.01
55.59375,33.96500,4.97
56.50375,67.20167,5.80
55.30750,-11.80306,6.49
55.57875,19.70028,5.69
56.02667,48.52361,6.06
56.50958,63.34500,4.80
56.17042,46.09972,6.11
56.07958,32.28833,3.83
55.94667,19.66500,6.14
56.13083,36.46000,5.59
55.56208,-31.93833,5.00
56.29833,42.57861,3.77
55.81208,-9.76333,3.54
56.11708,20.92861,6.10
57.30750,70.87111,5.44
55.89083,-10.48556,5.60
56.20083,24.28944,5.46
56.49708,45.68194,5.66
56.21875,24.11333,3.70
55.70875,-37.31361,4.59
56.29042,24.83917,5.64
56.30208,24.46722,4.30
56.12708,-1.16306,5.25
56.88417,55.92250,6.10
57.58958,71.33222,4.63
56.45667,24.36778,3.87
56.23542,-0.29667,5.55
56.47667,24.55472,5.76
56.51208,24.52806,6.43
56.41833,6.05000,5.35
54.12500,-78.32306,6.29
57.38000,65.52611,4.47
56.58167,23.94833,4.18
56.02583,-40.66028,6.45
57.40292,63.29722,5.85
56.53958,6.80306,5.91
57.07625,50.73667,6.14
57.33167,57.11806,6.46
56.53542,-12.10167,4.42
56.95375,32.19500,6.25
56.87125,24.10500,2.87
57.92417,68.50750,6.32
56.21083,-48.06139,6.49
56.14083,-54.27389,6.30
56.31583,-47.35972,5.73
57.28417,43.96306,6.02
56.61417,-29.33806,5.90
57.08708,23.42111,5.45
56.71208,-23.24972,4.23
57.06792,11.14333,5.07
56.05000,-64.80694,3.85
57.51875,44.96778,5.66
57.38583,33.09139,5.11
57.29042,24.05333,3.63
57.29667,24.13667,5.09
56.91500,-23.87472,5.24
57.16208,0.22778,5.91
57.43125,23.71167,6.17
56.98333,-30.16778,5.54
57.47917,22.24444,6.07
56.95667,-36.10583,6.21
57.14917,-20.90306,5.81
57.57875,25.57944,5.26
57.14750,-37.62222,5.40
57.14958,-37.62056,4.73
57.97375,34.35917,5.77
58.43042,57.97500,5.80
57.81583,13.04583,6.30
57.36375,-36.20028,4.17
59.12583,71.82167,6.34
58.01792,31.16833,6.25
58.41125,48.65056,5.76
58.00083,6.53472,5.67
58.29167,17.32694,5.97
58.17333,-5.36139,5.48
58.53292,31.88361,2.85
59.35625,63.07222,5.03
59.28458,61.10889,5.00
58.30417,-18.43444,6.22
58.99250,47.87139,5.37
56.80958,-74.23889,3.24
58.84583,31.04583,6.10
59.15208,50.69528,5.28
58.57250,-2.95278,6.14
58.57292,-2.95472,4.79
58.42750,-24.61250,4.65
58.41208,-34.73222,5.11
59.11958,35.08111,5.49
58.38875,-46.89361,5.93
58.81792,-12.09917,6.00
59.21708,22.47806,5.63
58.59667,-40.35722,5.71
59.46333,40.01028,2.89
59.26583,23.17556,6.06
59.36000,24.46194,6.16
59.25708,6.04000,6.09
59.15792,-9.75083,6.19
59.62125,38.84028,6.30
58.64167,-52.69056,6.46
59.74125,35.79111,4.04
59.91667,38.82056,6.38
62.51167,80.69861,5.10
59.50750,-13.50861,2.95
59.71792,-5.47000,5.83
59.91958,10.33083,6.37
60.31125,36.99000,6.41
59.87542,-12.57417,5.60
59.01667,-63.46361,6.14
60.15375,17.29667,6.32
60.20333,18.19389,5.89
60.17000,12.49028,3.47
59.98125,-24.01639,4.66
61.51292,68.68000,5.87
61.11333,59.15556,5.06
60.44208,9.99778,5.67
60.38333,-1.54972,5.28
59.67875,-57.10250,6.05
60.16958,-30.49083,5.93
59.68625,-61.40028,4.56
61.66250,65.52083,6.17
60.65292,-0.26889,5.38
60.78917,5.98917,3.91
61.09042,24.10583,5.47
60.93583,5.43556,5.33
60.98583,8.19722,5.46
61.65250,54.00861,6.31
61.17375,22.08194,4.36
61.04125,2.82694,5.36
60.85292,-20.14417,6.46
61.64583,50.35139,4.29
61.33417,22.00889,5.90
61.03625,-16.58889,6.39
60.22417,-62.15944,4.51
61.09458,-12.79250,5.61
60.32583,-61.07889,4.97
61.17083,-20.38167,6.13
61.65167,27.60000,5.20
61.75208,29.00139,5.23
62.36500,59.90806,6.28
55.63375,-85.26222,6.41
61.48542,-8.85611,6.26
62.16542,47.71250,4.04
61.44458,-20.51222,6.34
61.40583,-27.65167,5.59
62.34333,54.82889,6.18
62.06375,37.72778,6.09
62.15250,38.03972,5.51
61.92500,15.16278,6.01
61.99750,17.33972,5.89
63.43708,72.12639,6.03
63.21500,68.50167,6.32
62.29167,19.60917,5.50
62.25667,13.39833,5.95
62.74583,33.58667,5.72
62.70792,26.48083,5.41
62.32417,-16.38583,5.37
67.05417,83.80778,5.57
62.59375,-6.92389,5.44
62.83458,5.52306,5.72
62.69875,-8.81972,5.70
61.84000,-64.22250,6.38
63.13083,17.27750,6.09
63.75750,57.46028,6.08
63.21333,22.41361,6.12
62.96625,-6.83750,4.04
62.69083,-35.27389,6.44
62.90083,-20.35611,5.79
63.49833,37.96694,6.45
62.71083,-41.99361,4.93
63.72458,48.40944,4.14
67.50042,83.34056,5.46
64.22333,61.85028,5.70
63.72208,40.48361,4.71
63.39500,10.21222,6.23
63.38792,7.71611,5.29
63.45792,12.75333,6.25
63.48500,9.26361,4.84
63.40917,-1.14972,6.44
64.28417,57.86056,5.71
64.17958,53.61194,5.19
63.65125,10.01111,5.22
66.76167,80.82417,5.43
63.59875,-10.25639,4.87
63.94292,15.40056,6.32
63.88375,8.89222,4.29
63.87167,6.18667,6.31
63.39875,-40.35778,6.37
64.56083,50.29556,4.61
63.81792,-7.65278,4.43
63.50042,-42.29444,3.86
65.16792,65.14056,5.27
64.53417,42.14111,6.22
64.31500,20.57861,4.94
64.80542,50.04889,5.45
64.59667,21.57917,5.65
64.33000,-6.47194,5.94
65.04792,50.92083,5.55
65.44833,60.73556,5.39
63.60625,-62.47389,3.35
65.06000,41.80806,5.92
64.00667,-51.48667,4.25
64.85875,21.14222,5.35
63.70292,-62.19194,5.45
64.90292,21.77361,5.38
65.46583,56.50667,5.88
65.10250,34.56667,4.93
65.04167,31.95333,6.16
64.56625,-20.71556,6.00
64.94833,15.62750,3.65
64.47375,-33.79833,3.56
65.08875,27.35083,4.95
64.90625,10.12139,6.31
65.38833,46.49889,4.85
64.99042,14.03528,5.59
65.74125,59.61639,6.19
64.65583,-22.97028,6.07
65.10458,18.74250,6.12
64.12042,-59.30194,4.44
65.15125,15.09528,5.26
64.08792,-60.94861,6.37
65.22000,13.86417,6.17
64.76250,-33.90500,6.37
65.17167,6.13083,5.77
65.16125,-6.24556,6.27
65.17833,-7.59250,5.85
64.81917,-44.26806,5.34
64.66667,-52.86000,6.09
65.36292,-0.09806,5.86
65.16250,-20.63972,5.38
65.51458,14.07722,5.72
65.64542,25.62917,5.37
65.59500,20.82139,5.91
65.89958,42.42806,6.23
64.41750,-63.25556,5.87
65.73375,17.54250,3.76
65.38042,-25.72833,6.01
65.88500,20.98222,5.99
65.85417,16.77722,5.64
66.12167,34.13056,5.73
65.99917,24.30111,6.36
66.15583,33.95972,5.76
66.02417,17.44389,4.80
65.96625,9.46083,5.12
66.75375,57.58528,6.32
65.92000,-3.74556,5.17
65.77375,-24.89222,5.83
66.23792,19.04167,5.98
65.78208,-35.54500,6.39
66.34208,22.29389,4.22
66.35417,22.19972,5.28
66.37250,17.92806,4.29
66.52625,31.43889,5.28
66.40542,15.94083,6.46
66.57708,22.81361,4.28
66.00917,-34.01694,3.96
66.58667,15.61833,4.49
65.47208,-63.38639,5.24
66.65167,14.71361,4.69
66.58792,8.59028,6.06
66.82292,22.99639,5.53
66.75292,2.07944,6.23
68.37792,72.52861,5.94
66.87000,11.21250,5.88
67.00333,21.62000,5.72
66.32958,-44.16083,6.39
66.05083,-57.07139,6.29
67.21625,30.36139,6.40
67.11000,16.35972,4.97
67.09750,14.74083,5.90
67.15417,19.18028,3.53
66.73750,-24.08139,6.11
67.14375,15.96222,3.84
67.16542,15.87083,3.40
67.01500,1.85861,6.15
67.20917,13.04750,5.03
67.13375,1.38083,5.55
66.27208,-61.23833,5.94
68.00750,53.91083,5.77
66.77500,-46.94750,6.10
67.65958,32.45806,6.21
67.16250,-19.45833,5.96
67.53583,15.63806,5.58
67.27875,-13.04833,5.60
67.85000,40.01028,6.26
67.51000,10.26250,6.48
64.49625,-80.21389,5.69
67.64042,16.19389,4.78
67.66208,15.69194,5.48
67.03917,-41.96000,6.44
67.65542,13.72444,5.40
67.54042,-13.59222,6.24
67.96583,15.85167,6.02
67.33333,-46.51528,6.16
68.35375,43.06389,6.09
66.94125,-62.52083,5.75
68.02000,5.41000,6.39
67.96958,-0.04389,4.91
67.85792,-13.64500,6.21
67.66792,-35.65361,5.96
69.10083,64.26167,5.94
68.15583,-3.20917,5.81
68.38708,18.01667,6.25
67.70875,-44.95389,5.07
68.46208,14.84444,4.65
68.65833,28.96111,5.88
68.45042,9.41306,6.01
68.34167,-10.78583,6.06
68.53458,5.56861,5.68
68.47833,-6.73889,5.72
68.55917,-6.83778,6.09
68.54833,-8.23139,5.11
68.54875,-8.97028,5.26
68.37750,-29.76667,4.51
69.17250,41.26472,4.25
68.92792,19.88167,6.36
65.24125,-81.58000,5.79
68.98000,16.50917,0.85
68.91375,10.16083,4.25
69.12167,23.34083,6.02
68.80833,-9.73667,6.37
68.75208,-19.92056,6.13
69.00667,-3.61194,6.33
69.07958,-3.35250,3.93
68.88750,-30.56222,3.82
68.49917,-55.04500,3.27
69.99208,53.47306,5.35
69.97792,53.07972,5.05
71.50125,76.61111,6.49
69.30708,0.99833,5.31
69.62333,26.94000,6.47
69.56583,20.68472,5.92
69.53917,16.03333,5.79
69.53958,12.51083,4.27
69.40042,-2.47333,5.23
68.39167,-62.82361,5.79
69.21208,-30.71667,6.30
69.84625,25.21833,6.22
69.78833,15.79972,5.07
69.81875,15.91806,4.69
69.77583,7.87083,5.39
69.54500,-14.30389,3.87
70.35042,48.30083,5.67
69.72333,-12.12306,5.01
70.01417,12.19778,5.46
70.82542,59.52083,6.50
69.83208,-14.35917,5.45
69.94667,-1.05278,6.10
70.45958,38.28028,5.99
70.33250,28.61500,5.78
72.20958,75.94111,6.06
69.19000,-62.07750,5.40
70.84000,49.97389,5.87
70.72625,43.36500,5.29
70.02833,-24.48250,5.58
70.11042,-19.67167,4.32
70.56125,22.95694,4.28
69.76792,-51.67278,6.44
70.80750,24.08889,6.13
71.05375,40.78694,6.08
70.95125,32.86528,6.45
70.14042,-41.86389,4.45
70.51458,-37.14444,5.05
71.10750,11.14611,5.40
71.02208,-8.50361,5.90
70.78875,-30.76556,5.68
72.65167,70.94167,6.37
72.00125,56.75722,5.30
71.42708,23.62806,6.35
71.03333,-18.66667,5.53
71.68500,40.31278,5.97
72.02917,55.60250,6.26
70.69333,-50.48139,5.31
71.57000,18.73500,6.01
70.93417,-41.06472,6.25
71.50708,11.70556,5.37
71.37542,-3.25472,4.02
71.26750,-21.28361,5.72
71.60042,-2.95444,6.33
75.08625,81.19389,5.07
71.60750,-28.08750,6.19
71.48083,-39.35667,6.05
73.02167,63.50528,5.44
72.32917,32.58833,5.86
72.30333,31.43722,5.58
71.08792,-59.73278,5.27
69.59042,-77.65611,6.05
71.90125,-16.93444,5.51
72.47750,37.48833,4.88
72.18583,3.58833,6.03
72.78875,48.74083,5.66
72.15125,-5.67389,5.78
72.43375,15.90417,6.08
72.13542,-16.32944,5.77
71.95667,-30.02028,6.37
71.24125,-63.22972,6.46
70.76625,-70.93111,5.54
73.51250,66.34278,4.29
72.46000,6.96139,3.19
72.65292,8.90028,4.36
72.42583,-13.76972,6.26
73.29083,52.84083,6.41
72.84375,18.83972,5.10
72.54833,-16.21722,5.03
73.19917,42.58667,5.71
73.15833,36.70306,4.78
72.80167,5.60500,3.69
72.93083,9.97500,6.11
73.19625,27.89750,5.97
73.76292,55.25917,5.52
73.13333,14.25056,4.74
72.56750,-41.32083,6.07
73.71375,44.06083,6.08
72.86750,-34.90639,5.86
73.22375,-5.45278,4.39
74.02958,52.86944,5.75
73.34500,2.50806,5.33
72.73000,-53.46139,5.61
72.73458,-53.45972,6.42
73.74292,19.48528,6.37
73.56292,2.44056,3.72
74.32167,53.75222,4.47
73.69542,11.42611,5.19
73.72417,10.15083,4.65
73.69917,7.77917,5.33
75.58375,74.26917,6.06
74.08292,36.16889,6.07
73.71125,0.46750,5.99
74.06500,24.59222,6.37
73.95958,15.04000,5.81
74.24833,33.16611,2.69
73.99333,5.39917,6.50
73.77833,-16.74056,5.70
74.09292,13.51444,4.07
73.82750,-16.41778,5.72
74.10083,-5.17139,5.51
73.72833,-39.62861,6.10
74.34292,17.15361,5.48
74.45292,23.94861,5.79
74.94292,53.15556,6.08
76.16583,74.06694,5.96
74.53917,25.05028,5.81
74.32167,-1.06722,6.23
74.81417,37.89028,4.94
75.39958,61.07806,6.03
75.71000,66.82278,6.19
74.43667,-14.23139,6.15
74.54500,-2.21250,6.35
73.72083,-58.54722,6.12
73.37708,-66.67556,6.41
75.07625,39.39472,5.95
74.74750,14.54278,6.09
74.63708,1.71417,4.47
75.85458,60.44222,4.03
74.75542,-16.37583,5.66
75.49208,43.82333,2.99
73.27292,-72.40750,6.28
74.96000,-10.26333,5.38
74.98250,-12.53750,4.79
75.61958,41.07583,3.75
75.16583,-2.06556,6.32
75.20417,-5.75333,6.22
75.82750,41.44167,6.14
75.35958,-7.17389,4.81
75.45958,0.72222,5.92
75.50000,1.60889,6.24
75.77375,21.59000,4.64
75.35667,-20.05194,4.91
76.53542,58.97250,5.08
76.55083,59.02111,6.08
76.62375,61.17000,6.04
75.68958,-4.20972,5.85
76.06042,30.49472,6.14
75.54083,-26.27500,5.02
73.79667,-74.93694,5.47
75.39375,-39.71806,6.03
76.09000,21.27806,6.19
75.68708,-22.79500,5.75
75.59500,-31.77139,5.94
77.40292,69.63944,6.41
76.66917,51.59778,5.00
76.14208,15.40417,4.68
75.96667,-14.36944,6.41
76.62875,41.23444,3.17
76.38375,19.80639,6.44
78.09333,73.94667,5.43
76.70667,43.17472,6.20
75.97208,-24.38778,5.61
76.22708,-3.03972,6.05
77.43542,64.91944,6.41
76.34875,1.17750,6.17
75.70250,-49.15139,5.38
78.64833,76.47278,6.37
75.97500,-41.74500,6.31
76.10167,-35.48333,4.55
76.10875,-35.70528,6.34
76.36542,-22.37111,3.19
76.31750,-26.15250,5.73
76.86250,18.64500,5.00
76.69042,-4.65500,5.12
76.95167,20.41833,5.30
77.02750,24.26528,5.50
76.98125,21.70472,5.89
76.65292,-13.12194,6.05
76.90958,9.47194,6.17
76.24167,-49.57778,5.03
76.97042,8.49833,5.34
76.85417,-12.49056,5.97
76.96250,-5.08639,2.79
76.25250,-54.40750,6.27
77.67875,46.96222,5.68
77.57875,37.30194,6.02
77.43792,28.03056,6.01
77.08417,-8.66500,5.78
77.33167,9.82944,5.43
77.18167,-4.45611,5.12
76.37750,-57.47278,4.72
78.26333,61.85000,6.17
77.42500,15.59722,4.82
75.67917,-71.31444,5.31
78.38042,62.69139,6.50
77.28667,-8.75417,4.27
77.51333,-0.56528,6.10
75.05500,-78.30028,6.29
79.55542,73.26806,5.74
77.92333,16.04556,5.18
77.74167,-2.25389,6.25
80.63958,79.23111,5.05
77.83000,-2.49083,5.90
78.79708,59.40556,6.15
78.35708,38.48444,4.86
77.93875,1.03694,5.89
78.68458,53.21389,6.20
77.84500,-11.84917,5.68
77.68542,-25.90944,6.41
76.89167,-63.39972,5.20
78.07458,-11.86917,4.45
78.20083,-6.05722,5.91
78.32292,2.86111,4.46
76.53875,-73.03778,6.27
78.38167,1.96806,6.09
78.23292,-16.20556,3.31
78.44667,0.56028,6.32
78.38875,-8.14778,6.37
78.30792,-12.94139,4.36
78.85167,32.68778,5.02
79.32417,53.58611,6.50
79.17250,45.99806,0.08
78.68375,5.15611,5.50
78.49958,-14.60667,6.21
78.86542,22.28472,6.27
79.07583,34.31194,5.96
78.63458,-8.20167,0.12
74.71208,-82.47056,5.85
78.82667,-1.40917,6.15
79.01708,11.34139,5.56
79.86583,58.11722,6.13
80.09417,62.65361,5.61
78.62000,-35.97722,5.76
79.56625,42.79222,5.48
78.85125,-26.94333,5.07
79.17125,1.94722,6.42
79.66833,40.46500,6.18
79.54458,33.37167,4.54
78.47208,-52.03111,6.05
79.57875,33.76722,6.14
79.78542,40.09917,4.71
79.75000,33.74833,5.41
79.84833,33.98556,6.49
79.40167,-6.84444,3.60
79.41750,-13.51972,5.50
80.06167,41.08611,5.52
79.81917,22.09639,4.94
80.00375,33.95806,5.03
79.81125,20.13472,6.08
78.91208,-52.18194,6.49
79.37125,-34.89528,4.83
78.43917,-67.18528,4.83
79.79667,2.59583,5.34
79.71000,-18.13000,5.96
79.89667,-1.41222,6.34
80.45167,41.80444,5.23
80.24708,27.95722,6.33
80.86583,57.54444,5.28
80.30292,29.57000,5.76
79.82292,-18.52000,6.36
80.23583,19.81417,6.18
79.89375,-13.17667,4.29
79.99625,-12.31556,5.30
79.84875,-27.36889,5.99
80.11000,-5.36667,6.39
80.70958,41.02944,5.54
80.11208,-21.23944,4.71
80.43167,8.42861,5.80
80.38250,-0.41639,5.68
80.44042,-0.38250,4.73
80.08583,-34.69889,6.34
79.84208,-50.60611,5.45
80.84542,28.93667,6.46
80.70833,3.54444,5.00
80.44250,-24.77306,5.06
80.32042,-34.34528,6.09
81.16333,37.38556,4.99
80.90708,16.69944,6.08
81.15958,31.22389,6.28
81.16042,31.14306,5.94
80.87958,5.32250,6.35
80.82708,-8.41583,5.90
81.10583,17.38333,4.99
80.92625,-0.15972,5.70
80.96417,-0.86722,6.11
80.87583,-13.92722,5.25
80.98667,-7.80806,4.14
80.80000,-26.70583,6.49
81.15083,2.35278,6.32
81.12042,-0.89139,5.08
81.11917,-2.39694,3.36
81.18667,1.84639,4.95
81.28292,6.34972,1.64
81.57292,28.60750,1.65
81.11833,-16.97611,5.65
80.85000,-39.67861,5.71
81.72625,35.45722,6.15
81.70375,34.39167,5.94
81.71375,33.26278,6.15
81.52375,16.70028,6.25
81.25667,-10.32917,5.61
80.59208,-56.13444,6.11
82.54250,63.06722,5.42
81.44583,0.52083,6.16
81.78458,30.20861,5.74
81.91208,34.47583,5.07
81.51000,-5.51833,6.23
81.66167,6.86917,6.42
81.79208,17.96222,5.42
81.80750,15.25778,6.16
81.90875,21.93694,4.88
81.70917,3.09556,4.59
81.49917,-19.69556,5.89
81.23167,-44.22583,6.08
81.94000,15.87417,5.50
82.00667,17.23889,5.77
81.77000,-11.90083,6.35
81.19250,-52.31639,6.27
82.14500,13.67889,6.35
82.00667,1.29833,6.41
82.31875,25.15056,5.47
82.41917,29.18639,6.24
81.90208,-21.37556,6.07
82.70250,41.46194,6.00
82.68792,39.82583,6.37
82.23625,-3.30750,6.39
81.77208,-40.94361,5.87
83.14083,57.22111,6.48
82.06125,-20.75944,2.84
82.34833,-3.44639,5.79
82.68083,22.46250,6.29
82.60875,15.36028,5.94
82.47833,1.78917,5.78
82.43333,-1.09222,4.71
82.06375,-37.23056,5.57
81.58042,-58.91250,5.14
82.58250,4.20417,6.21
82.69625,5.94806,4.20
82.58625,-7.43472,6.33
82.81042,3.29222,5.46
83.18208,32.19194,4.76
84.93208,75.04389,6.17
83.05333,18.59444,4.38
83.05917,17.05806,5.46
82.83708,-6.70833,6.22
82.78167,-20.86361,5.55
83.36458,32.80111,6.48
83.00167,-0.29917,2.23
84.31750,66.69611,6.26
83.40833,34.72583,6.27
82.98250,-7.30139,4.62
82.53958,-47.07778,5.46
84.31292,64.15472,6.15
83.38167,18.54028,5.69
81.75000,-68.62278,6.03
83.41167,20.47417,6.18
83.17208,-1.59194,5.35
82.80292,-35.47056,3.87
83.28000,-1.71833,6.46
83.47625,14.30556,5.64
83.18250,-17.82222,2.58
84.14667,54.42889,5.73
83.38083,-1.15611,5.34
84.06625,47.71528,6.11
82.90042,-45.92528,5.86
83.56958,3.76694,5.36
83.51625,-1.03556,6.22
83.51667,-1.47056,5.93
83.86292,24.03944,5.38
83.70500,9.48944,4.41
83.21375,-38.51306,5.48
83.98125,27.66222,6.27
83.78458,9.93417,3.54
83.78542,9.93500,5.61
83.28083,-35.13972,5.78
82.56625,-63.92778,6.19
83.80583,10.24000,5.60
84.21833,40.18222,6.09
90.33417,85.18222,6.11
83.75375,-6.00917,5.67
83.76125,-6.00194,4.78
84.12583,25.93944,6.49
83.84375,-4.42528,6.24
83.84667,-4.83833,4.59
83.81875,-5.38972,5.13
83.84542,-5.41611,5.08
83.87958,-4.36472,6.38
83.85833,-5.91000,2.77
83.89917,-3.25278,6.40
83.91458,-4.85583,5.26
84.28667,26.92417,5.83
84.05333,-1.20194,1.70
84.44042,33.55917,6.33
84.26583,17.04028,5.54
84.22625,9.29056,4.09
84.26833,11.03500,5.94
83.81417,-33.08000,5.78
84.41125,21.14250,3.00
84.14875,-6.06500,5.72
83.43500,-54.90222,6.43
84.33042,8.95194,6.12
84.65875,30.49250,5.40
84.04292,-28.70778,6.26
85.61000,65.69778,5.60
83.24833,-64.22750,5.34
84.36417,-5.93833,6.05
84.28667,-11.77556,6.11
84.50458,7.54139,5.88
84.73917,26.61778,6.37
83.40625,-62.48972,3.76
84.47250,-4.81361,6.19
84.82667,29.21528,5.96
85.33458,53.48111,6.23
84.31875,-27.87139,6.16
84.01125,-47.31389,6.11
84.93417,25.89694,5.18
84.86250,21.76278,6.34
84.68667,-2.60000,3.81
84.65750,-6.57389,5.96
84.79625,4.12139,4.57
84.43583,-28.68944,5.31
83.74000,-61.17583,6.32
84.72125,-7.21306,4.80
85.14958,31.35806,6.04
85.17542,31.92083,6.11
84.88000,-3.56472,6.00
85.75667,56.58167,6.05
84.87833,-9.70667,6.50
86.03583,61.47667,6.15
84.81792,-17.84944,6.38
85.33750,29.48750,6.43
85.32375,16.53389,4.86
84.68167,-40.70750,5.82
85.18958,-1.94278,2.05
85.19000,-1.94278,4.21
85.15542,-2.82500,6.22
85.21083,-1.12889,4.95
82.97042,-76.34111,5.19
85.51625,22.66028,6.36
85.27333,0.33778,5.93
84.91208,-34.07417,2.64
84.95750,-32.62917,5.45
85.41792,-2.89611,6.42
84.22792,-66.56028,6.31
85.83125,23.20417,6.21
85.42292,-16.72556,6.21
85.61917,1.47472,4.91
83.68625,-73.74139,5.78
85.55958,-17.53028,6.15
85.36250,-33.40056,6.34
85.72417,-6.79611,6.02
85.55792,-22.37361,5.87
86.62667,56.11556,5.94
85.78875,-1.61306,6.31
86.47500,49.82639,5.47
85.54833,-30.53556,6.19
85.56292,-34.66778,5.29
85.84000,-18.55750,5.73
87.27042,62.80806,6.13
86.25792,4.00806,6.09
86.81125,42.52667,6.29
86.11833,-20.12639,6.34
85.87583,-39.40694,6.25
86.11042,-22.42167,6.15
86.11583,-22.44833,3.60
85.92125,-45.83306,6.39
86.68958,15.82250,6.00
86.51167,-4.26833,6.34
86.71708,9.52222,5.79
86.64583,1.16806,5.95
86.80500,14.48833,5.72
86.85917,17.72917,5.49
83.90125,-78.82083,6.05
86.92875,13.89972,5.29
88.23125,68.47139,6.20
87.29375,39.18111,4.52
86.49958,-32.30639,5.17
87.09333,20.86944,6.07
86.73875,-14.82194,3.55
87.00083,6.45417,5.27
86.78167,-16.23778,6.17
86.86125,-10.53306,6.03
87.25417,24.56750,4.86
87.73500,51.51472,6.29
86.93917,-9.66972,2.06
86.76958,-28.63917,6.22
88.07250,58.96417,6.14
87.14542,-4.09472,5.97
86.61417,-46.59722,5.31
86.82750,-35.67472,6.32
87.38708,12.65111,4.91
87.76000,37.30556,4.74
87.87250,39.14861,3.97
87.74208,27.96778,5.56
87.51083,9.87111,5.80
86.19333,-65.73556,4.35
87.62042,14.30556,5.52
87.85708,32.12500,6.25
87.55458,4.42333,5.97
86.82125,-51.06639,3.85
87.40208,-14.48361,5.49
84.29083,-80.46917,5.65
86.80417,-54.36083,6.18
87.62500,2.02444,5.98
88.16458,39.57444,6.45
87.47292,-22.97167,5.87
88.74083,59.88833,5.20
88.16708,33.91750,5.98
88.71167,55.70694,4.99
88.09750,19.86806,6.06
87.84167,-7.51806,5.35
87.39208,-44.87528,6.38
88.09292,14.17167,5.59
88.33167,27.61222,4.58
87.83042,-20.87917,3.81
87.86917,-22.92611,6.17
88.11000,1.85500,4.78
88.03167,-9.04139,5.97
87.74000,-35.76833,3.12
89.39583,66.09611,6.25
87.45708,-56.16667,4.51
87.99792,-29.44861,6.45
87.61917,-52.76778,6.35
89.06000,51.80389,6.49
88.74583,31.70167,5.90
88.59542,20.27611,4.41
88.55583,10.58694,6.12
87.72167,-52.10889,5.17
88.56542,3.22528,6.31
88.73625,19.74972,5.92
88.13833,-37.63111,5.63
89.27042,49.02944,6.47
88.27875,-33.80139,4.87
88.68375,0.96833,6.00
82.55792,-84.78500,6.20
88.79292,7.40694,0.50
88.95542,20.17500,5.40
87.47333,-66.90111,5.11
88.68167,-11.77389,5.66
89.14083,28.94222,6.32
88.55875,-29.14778,6.36
88.87625,-4.61639,5.87
88.89750,-4.78833,6.28
88.08458,-57.15611,5.94
87.84583,-64.03361,6.36
89.23375,24.24972,6.02
89.11667,9.50972,5.99
89.20625,11.52111,5.87
89.88167,54.28472,3.72
91.28875,75.58583,6.40
89.94042,55.32083,6.44
89.95042,54.54722,6.14
89.84083,49.92444,5.89
88.71875,-39.95806,5.57
89.49875,25.95389,4.82
89.10125,-14.16778,3.71
89.05958,-22.84028,5.96
88.87458,-37.12083,4.97
89.88208,44.94750,1.90
88.67125,-49.62694,6.10
89.14375,-23.21556,6.36
89.98375,45.93694,4.26
89.08708,-31.38250,5.50
89.47583,1.22444,6.22
88.70917,-52.63528,5.29
89.93042,37.21250,2.62
90.07917,44.59194,6.22
89.54875,-0.99417,6.22
89.20417,-31.97611,6.44
89.72167,12.80861,5.70
89.60167,1.83694,5.90
90.24417,47.90194,5.73
88.52542,-63.09000,4.65
89.70667,0.55306,5.22
90.42958,48.95944,5.96
89.38417,-35.28333,4.36
89.75417,-9.38222,6.12
89.76792,-9.55833,5.03
90.29250,31.03472,5.98
90.25167,27.57222,6.05
90.70292,49.90556,6.05
90.01417,-3.07417,4.53
89.31000,-53.42611,6.45
90.72333,43.37861,6.42
90.42333,22.40083,6.37
89.65667,-44.03444,5.81
90.07375,-12.89972,6.22
90.82500,42.91167,6.10
89.78667,-42.81528,3.96
91.28458,59.39306,6.34
90.72958,32.63583,6.24
91.12125,51.57333,6.45
90.59583,9.64750,4.12
87.56958,-79.36139,5.47
91.66333,63.45361,6.39
90.46000,-10.59806,4.95
90.30458,-25.41778,6.05
90.86375,19.69056,5.14
90.31833,-33.91167,5.55
91.26417,42.98167,5.87
90.85292,11.68083,6.08
91.03000,23.26333,4.16
90.98000,20.13833,4.63
90.64083,-14.49722,6.20
91.26083,37.96417,6.34
90.20500,-51.21639,5.67
91.39167,33.59917,6.23
90.81458,-26.28444,5.04
91.53542,35.38750,6.12
91.05625,-6.70917,5.21
91.64625,38.48278,5.36
91.24250,5.42000,5.67
91.24333,4.15861,5.63
91.59375,29.51250,6.08
91.86208,41.85417,6.12
91.24625,-16.48444,4.93
91.08458,-32.17250,5.65
91.36250,-10.24278,5.87
90.53833,-60.09694,6.45
92.49625,58.93583,5.36
92.09583,41.05556,6.36
91.66125,-4.19389,5.38
91.53875,-14.93528,4.67
91.11833,-45.03667,6.35
91.16750,-45.07889,5.93
91.89292,14.76833,4.42
91.36292,-35.51361,5.80
91.63333,-23.11056,5.47
91.52292,-29.75861,5.81
93.21292,65.71833,5.32
91.74000,-21.81278,5.78
91.92333,-19.16583,5.31
92.38500,22.19000,5.93
91.76542,-34.31194,5.83
91.67083,-42.29861,6.12
92.94167,52.64722,6.30
92.43333,23.11333,5.75
92.24125,2.49944,5.73
92.90250,48.71111,6.09
91.88167,-37.25306,5.02
92.40083,-5.71111,6.17
92.24125,-22.42750,5.50
91.97042,-42.15389,5.50
92.33458,-18.12611,6.35
92.39292,-14.58417,5.56
92.75750,18.12944,6.33
92.88458,24.42028,5.80
92.44958,-22.77417,5.71
92.14417,-44.35611,6.27
93.43875,51.17250,6.04
93.08375,32.69333,5.78
92.86625,13.63861,6.04
92.44667,-26.70083,6.27
93.00542,19.79056,5.75
91.53917,-66.03972,5.71
92.75542,-6.75417,6.15
91.76417,-62.15472,5.05
93.07958,22.90833,6.39
93.01375,16.13056,4.95
92.98500,14.20889,4.48
92.64417,-27.15417,5.72
93.91917,59.99917,5.35
92.93208,-4.66556,6.18
92.54292,-40.35361,5.58
92.34708,-49.56278,6.49
92.96583,-6.55028,5.05
92.80625,-26.48222,6.09
93.30250,10.62750,6.45
94.71167,69.31972,4.80
92.66625,-45.28194,6.31
92.57458,-54.96861,4.81
93.61917,17.90639,5.88
94.47833,61.51528,4.98
93.71917,22.50667,3.28
93.47625,-3.74139,5.83
93.84458,29.49806,4.35
93.71208,19.15639,5.20
92.18417,-68.84333,5.06
93.78542,13.85111,5.91
93.85458,16.14306,5.30
93.65292,-4.56833,5.83
93.43792,-23.86194,6.39
93.71375,-6.27472,3.98
93.93750,12.55111,5.33
94.07917,23.97000,6.08
93.91708,6.06611,6.07
93.89292,-0.51222,5.65
93.87375,-4.91528,5.99
94.09917,17.18139,6.39
93.97500,1.16917,6.37
93.85833,-9.03528,6.10
94.90583,59.01083,4.48
94.57042,46.36056,6.38
94.24458,23.74083,6.25
94.11083,12.27222,5.04
93.78500,-20.27222,5.91
93.82292,-18.47667,5.99
93.93708,-13.71833,5.01
92.81250,-65.58944,5.01
94.27750,9.94250,5.39
94.03208,-16.61778,5.92
94.31708,5.10028,5.71
94.52333,14.38278,6.16
94.26458,-22.71500,6.07
94.13792,-35.14056,4.37
95.51500,59.37222,5.94
94.75750,17.32500,6.32
94.66875,9.04722,6.24
94.42375,-16.81583,5.14
92.56000,-74.75306,5.09
94.14833,-39.26444,6.00
94.25500,-37.73750,5.53
95.44208,53.45222,5.36
94.28958,-37.25306,5.87
94.55708,-19.96694,5.52
94.71083,-9.39028,5.36
94.70333,-15.02472,6.06
95.01750,14.65111,5.69
94.78292,-8.58639,6.22
94.74583,-20.92611,5.81
95.30042,29.54111,6.43
94.92833,-7.82306,5.27
94.07708,-59.21361,6.43
94.99833,-2.94444,4.90
95.35792,17.76361,6.35
94.46542,-52.73306,6.41
94.92083,-34.39667,5.78
95.35750,2.26861,6.31
95.07833,-30.06333,3.02
95.35292,-11.77333,5.64
97.06083,70.53556,5.97
95.74000,22.51361,2.88
95.65208,12.57000,6.00
95.15125,-34.14389,5.53
96.22458,49.28806,4.91
96.60750,56.28500,5.64
95.82708,3.76444,6.40
96.70375,58.41722,5.21
95.67500,-17.95583,1.98
95.52833,-33.43639,3.85
95.94208,4.59278,4.44
96.00958,8.88472,6.26
95.90000,-9.87444,6.19
96.22042,16.05694,6.33
95.94167,-15.07167,6.24
96.38708,23.32694,6.06
96.04292,-11.53028,5.22
95.81000,-31.79000,6.34
96.36708,14.72194,6.24
96.08542,-12.96250,6.12
96.30458,7.08583,5.98
95.98292,-25.57778,5.63
96.31833,-0.94611,5.87
96.00417,-36.70778,5.62
96.44625,-3.88917,6.35
96.18292,-28.78000,6.39
96.89792,32.56306,6.43
95.73250,-56.37000,5.61
96.49500,-7.89417,6.40
95.90708,-52.18111,5.98
96.18542,-40.28417,6.31
96.66500,-1.50722,5.87
96.64375,-4.59722,6.15
95.98792,-52.69583,-0.72
96.68708,-7.51139,6.27
96.37458,-35.06389,6.25
96.98583,20.49611,6.22
97.69667,58.16278,5.88
97.14208,30.49306,5.55
96.83500,2.90806,5.55
96.80750,0.29917,5.20
96.81500,-0.27611,5.55
95.94542,-58.54389,6.48
95.75542,-63.68306,6.27
97.51250,46.68556,5.90
97.23583,26.96778,6.47
97.11667,16.23833,6.23
97.07833,10.30389,6.15
97.24083,20.21222,4.15
96.99000,-4.76222,5.06
96.05708,-60.28111,5.80
97.07000,1.91222,6.48
96.43167,-48.17722,5.76
96.79667,-25.85667,6.07
95.65917,-69.98417,5.56
96.78125,-37.89556,6.48
96.10958,-63.42889,6.46
97.31208,2.64611,6.16
97.20417,-7.03278,4.60
97.20625,-7.03444,5.40
97.20625,-7.03444,5.60
97.15542,-17.46611,5.77
96.23167,-63.82778,6.27
97.04208,-32.58000,4.48
100.12000,77.99583,5.73
97.16333,-32.37111,5.74
99.47875,73.69556,6.24
97.79208,16.93861,6.20
97.54708,-10.08139,5.93
97.17625,-41.07444,6.32
96.76667,-58.00222,5.82
97.78958,11.25083,6.14
97.90583,15.90333,6.40
98.11333,32.45472,5.87
97.64458,-13.14806,6.16
97.95125,11.54444,5.23
98.63667,55.35306,6.45
96.36917,-69.69028,5.38
98.09708,11.67361,6.03
97.84583,-12.39167,5.15
97.69292,-27.76944,5.93
97.95875,-8.15806,5.43
98.08000,4.85583,5.84
98.42792,33.02417,6.42
97.45458,-50.23917,5.27
98.22583,7.33306,4.50
98.09625,-5.86889,5.60
97.96375,-23.41833,4.33
97.80417,-35.25917,5.84
97.36875,-56.85278,5.22
97.74917,-40.91639,6.20
98.40042,14.15528,5.53
98.19542,-11.16639,6.24
97.89583,-36.94000,6.34
99.42250,61.48111,5.94
98.40792,-1.22028,5.10
100.13417,71.74889,5.92
98.16250,-32.03056,5.69
98.80042,28.02222,5.27
98.08875,-37.69667,5.24
97.82625,-51.82611,5.60
101.55875,79.56472,5.45
99.41042,56.85750,5.85
98.36083,-20.92389,6.40
98.69333,7.57250,6.45
99.13708,38.44528,5.29
98.82333,9.98833,5.88
98.29292,-38.62528,6.44
97.51250,-65.56833,6.29
98.81583,0.89000,5.80
97.79417,-61.87972,6.15
98.45625,-36.23222,5.42
97.99333,-58.75417,5.70
98.76417,-22.96472,4.54
98.64708,-32.71639,5.62
98.35875,-52.32889,6.19
99.36333,24.59083,6.44
99.14708,-5.21111,5.52
99.66458,39.39083,5.69
99.70500,39.90250,5.20
99.42792,16.39917,1.93
99.35042,6.13528,6.06
99.09500,-18.66000,5.70
98.85042,-36.78000,5.59
99.59583,28.98417,5.79
99.40375,10.85306,6.38
99.83292,42.48889,4.79
99.19458,-13.32083,5.97
99.17083,-19.25583,3.95
99.41792,2.70417,6.17
98.97500,-36.08889,6.35
99.46958,4.95722,6.15
99.17042,-22.61500,6.35
99.99167,44.01389,6.41
98.74417,-52.97556,4.39
99.77208,22.03083,6.04
99.42042,-12.98500,6.12
99.88792,28.26306,6.03
99.88083,24.60000,6.38
99.58542,-2.54361,6.14
99.65875,1.61361,6.21
99.47250,-18.23750,4.43
99.25792,-38.14667,6.04
99.21375,-41.55694,6.34
99.30750,-36.99056,5.71
99.44833,-32.33972,5.27
99.64750,-16.87361,6.03
99.94833,12.98306,5.97
99.81958,-14.14583,4.82
99.44042,-43.19611,3.17
100.40708,35.93194,6.46
100.33750,28.19639,6.42
99.90125,-23.69556,6.05
100.24458,9.89556,4.66
100.34083,16.39750,6.28
100.32167,11.00333,6.11
100.77083,44.52444,5.02
99.92792,-30.47028,5.71
100.27250,0.49528,5.79
99.65667,-48.22028,4.93
101.04833,53.29639,6.27
100.80750,37.14694,6.19
100.60125,17.64528,5.21
100.49708,6.34500,6.37
99.50250,-61.53306,6.18
100.48500,-9.16722,5.19
101.55875,59.44167,4.87
101.05250,36.10972,6.31
100.98292,25.13111,2.98
100.77708,3.03333,6.19
100.30875,-40.34972,6.12
101.70625,57.16917,5.35
100.99708,13.22778,4.49
100.91125,3.93222,5.90
101.18958,28.97083,5.44
100.69083,-22.44917,6.13
100.56833,-38.39861,6.29
101.68458,43.57750,5.25
101.32250,12.89556,3.36
102.05375,55.70444,6.33
102.05125,55.70444,6.28
101.91500,48.78944,5.22
100.84708,-39.19333,6.30
101.47583,12.69361,6.46
102.73792,67.57194,5.14
101.28708,-16.71611,-1.46
101.11833,-31.07056,5.20
101.21625,-27.34139,6.45
101.63500,8.58722,5.93
101.34708,-23.46194,6.05
101.49708,-14.79611,5.32
101.84792,18.19333,6.20
101.34500,-31.79361,5.92
101.38042,-30.94889,5.80
101.66250,-10.10722,5.66
101.83250,8.03722,4.77
101.71292,-14.42583,5.29
101.96500,2.41222,4.47
101.90458,-8.99833,5.07
101.75625,-21.01556,6.08
101.55042,-37.77556,6.21
103.42583,68.88833,5.12
102.42208,32.60667,5.71
102.07917,-1.31917,5.75
101.47375,-52.41000,5.80
102.69125,41.78139,5.02
102.26542,1.00194,6.15
101.83917,-37.92972,5.26
102.45750,16.20278,5.85
103.27125,59.44861,5.33
102.31833,-2.27194,5.74
102.24083,-15.14472,5.39
101.72000,-51.26583,5.40
101.67292,-54.69472,6.46
102.60625,13.41333,5.65
101.82792,-55.54000,5.61
105.01667,76.97750,4.55
102.43333,-24.07583,6.33
102.88750,21.76111,5.27
102.70792,-0.54083,5.77
100.90333,-73.11806,6.37
103.28167,44.83944,6.26
103.00000,23.60167,5.65
102.67625,-8.04111,6.29
102.59125,-17.08389,5.79
101.23375,-70.43389,6.11
102.46042,-32.50861,3.96
103.25625,38.86917,6.12
103.19708,33.96111,3.60
103.30583,38.43806,6.30
103.26417,35.78861,6.01
102.91375,3.04167,6.38
102.65375,-25.77806,6.33
102.59708,-31.70611,5.70
103.48750,38.50500,6.48
102.47750,-46.61472,5.14
102.71833,-34.36722,4.99
102.04750,-61.94139,3.27
103.20583,8.38028,5.77
103.09542,-5.31611,6.30
102.48417,-50.61472,2.93
102.46375,-53.62222,4.40
103.34375,10.99639,6.24
103.81333,45.82639,6.34
103.81125,43.91000,6.13
102.92625,-36.23028,5.96
100.01125,-80.81361,5.64
104.31875,58.42250,4.35
104.30500,57.56333,6.05
102.50458,-60.24917,6.11
102.88667,-48.29250,6.42
103.66125,13.17778,4.65
103.32833,-19.03278,5.64
103.34042,-18.93333,6.14
103.25042,-26.95750,6.40
104.13458,46.27417,5.87
103.82750,25.37556,5.73
103.53542,-5.85250,6.41
103.38708,-20.22417,4.83
103.60250,-1.12694,5.45
104.23333,46.70500,5.86
103.54750,-12.03861,4.07
103.39125,-28.53972,6.04
103.67542,-1.75639,6.21
103.48042,-24.53917,6.21
103.19625,-43.97583,6.46
103.53292,-24.18389,3.87
105.33958,70.80806,5.68
103.74500,-2.80361,6.04
103.89417,8.32472,6.29
104.40458,45.09417,4.90
104.25208,33.68111,5.89
103.76125,-20.40472,5.74
104.10750,9.95639,5.92
103.90583,-20.13639,4.68
103.61125,-42.36556,6.32
103.18917,-59.34111,6.41
104.02750,-14.04361,5.00
103.50958,-50.61167,6.26
103.94500,-22.94139,5.30
104.03417,-17.05417,4.37
104.35708,11.90750,6.27
103.97833,-31.79000,6.36
104.25042,-8.17889,6.34
104.76167,38.05222,6.00
104.69750,26.08111,6.10
102.86250,-70.96333,5.40
104.19042,-35.34167,6.29
104.86625,25.91417,6.40
104.66250,7.62194,6.27
104.39125,-24.63056,5.46
104.06667,-48.72111,4.95
115.12708,87.02000,5.07
104.73750,3.60222,5.97
104.42667,-27.53750,6.23
104.32333,-35.50750,6.23
104.83375,7.31694,6.35
104.53167,-27.16472,6.37
105.06583,16.07889,5.68
104.64958,-25.41389,5.59
106.46583,70.73194,6.50
104.65625,-28.97222,1.50
104.60458,-34.11167,5.06
104.68250,-30.99778,6.42
105.07500,-5.36694,6.30
104.91375,-21.60333,6.26
105.09875,-8.40694,5.96
105.03375,-20.15889,6.31
104.67417,-45.76806,6.22
105.16375,-9.20306,6.49
105.60333,24.21528,5.18
105.60625,17.75556,5.94
105.57250,15.33611,5.74
104.66500,-55.72944,6.27
105.63958,16.67417,5.82
105.47042,-1.34556,6.17
105.17750,-28.48944,6.27
104.65083,-56.39472,6.45
105.48500,-5.72222,5.20
105.27458,-25.21528,5.63
105.20750,-33.46528,6.40
106.50542,59.80194,6.44
105.87667,29.33722,5.93
106.41583,52.75806,6.12
106.28750,47.77500,6.38
105.42958,-27.93472,3.47
105.82458,9.13833,5.97
105.72833,-4.23917,4.99
105.90833,10.95167,5.13
106.02708,20.57028,3.79
105.96500,12.59444,5.98
105.21458,-51.40250,5.14
105.75625,-23.83333,3.02
106.02167,-5.32361,5.62
105.98875,-10.12417,6.45
105.93958,-15.63333,4.12
105.56500,-43.40417,6.43
106.32667,22.63722,6.02
106.54833,34.47389,5.55
105.27125,-58.94000,6.02
104.96042,-67.91611,5.17
106.41292,9.18583,5.78
106.19625,-22.03222,6.09
106.84292,34.00944,5.91
106.01167,-42.33722,5.20
105.98875,-43.60806,5.54
106.85417,28.17722,6.48
106.45708,-10.66111,6.49
105.97375,-49.58389,4.93
107.05542,33.83222,6.28
105.81500,-59.17806,5.50
107.15125,37.44500,6.16
106.77667,4.91028,6.11
106.38333,-34.77778,6.14
106.66958,-11.29417,5.39
106.64958,-12.39389,6.48
106.50250,-30.65556,6.34
108.49208,71.81667,6.35
106.95625,7.47111,5.75
106.07625,-56.74972,5.17
107.09167,15.93083,5.44
106.50958,-38.38278,6.11
106.71792,-24.96056,6.08
106.31875,-50.36028,6.46
104.14333,-79.42028,5.45
106.84417,-23.84028,5.71
106.77958,-40.89333,5.79
107.52792,21.24694,6.43
107.09792,-26.39333,1.84
107.33458,-10.34722,6.21
107.91375,39.32056,4.90
107.78500,30.24528,4.41
106.80542,-51.96778,5.96
107.38833,-16.23472,6.03
107.84625,26.85667,5.78
107.55708,-4.23722,4.92
107.21292,-39.65583,4.83
108.34750,51.42889,5.47
107.42875,-25.23111,5.69
107.53875,-18.68528,6.23
108.11000,24.12833,5.85
107.84833,-0.30194,5.45
107.58083,-27.49139,5.46
111.34125,81.25750,6.31
107.96375,5.65472,6.09
108.20417,27.22472,6.43
106.55875,-68.83722,6.47
108.03083,5.47472,6.16
107.96625,-0.49278,4.15
108.97875,59.63750,5.20
107.92333,-20.88306,5.84
108.34292,16.15889,5.00
108.05083,-25.94250,5.92
107.69792,-48.93222,5.14
108.01708,-30.82167,6.10
108.95875,47.24000,5.58
108.28000,-11.25139,5.78
108.67458,24.88500,5.82
108.10708,-36.54444,5.96
108.06583,-40.49889,5.31
108.63583,12.11583,5.62
108.58333,3.11139,5.35
108.34958,-22.67333,6.01
108.54583,-3.90139,5.75
108.56458,-9.94750,5.90
108.45125,-22.90639,6.36
108.40125,-27.35639,6.12
107.17583,-70.49722,5.69
107.18708,-70.49889,3.78
109.39042,52.13083,5.92
108.98792,27.89750,5.71
108.61750,-10.31667,6.03
108.14000,-46.75944,4.49
112.76833,82.41139,4.96
108.48833,-30.34000,6.33
108.83042,-0.16139,6.41
108.56333,-26.35250,4.66
108.30583,-45.18306,4.89
108.91417,7.97778,5.82
108.38500,-44.63972,5.10
108.70292,-26.77278,3.85
108.71292,-27.03806,5.58
109.63292,49.46500,5.05
108.92958,-10.58389,5.95
109.50917,40.88333,5.78
108.00833,-63.19000,6.02
108.94792,-23.74056,6.32
108.83750,-30.68639,5.36
109.51708,30.95583,6.24
109.06042,-15.58583,5.46
108.73792,-41.42583,5.94
108.69125,-46.84972,5.72
108.65917,-48.27167,4.76
109.52333,16.54028,3.58
109.15333,-23.31556,4.79
109.38208,-6.68000,6.29
109.14583,-27.88111,4.64
108.83750,-52.49972,5.97
109.23833,-30.89667,6.32
109.13250,-38.31889,5.80
109.20625,-36.59278,5.03
109.06458,-46.77444,5.66
110.57167,59.90194,6.35
109.28583,-37.09750,2.70
109.44958,-26.79750,6.46
110.26292,42.65556,6.35
110.32292,45.22806,5.77
110.03083,21.98222,3.53
109.84333,2.74056,5.89
109.94833,7.14278,5.91
110.02875,15.14278,6.45
109.66792,-24.55889,4.98
109.67667,-24.95417,4.40
110.71708,55.28139,5.45
109.75833,-19.28028,6.09
109.71333,-26.58583,5.28
109.57667,-36.73417,4.66
109.86708,-16.39500,5.70
109.51750,-43.98667,5.85
109.65917,-36.74278,5.11
109.64000,-39.21028,5.25
110.55583,38.99611,6.40
110.51083,36.76056,5.13
109.80708,-33.72722,6.30
110.48667,20.44361,5.10
110.24250,-14.36000,5.45
113.66542,80.89667,6.41
110.22917,-26.96361,6.01
110.51458,0.17722,5.99
110.26792,-25.89139,5.87
109.20750,-67.95722,3.98
111.23833,51.88722,5.80
111.03542,40.67222,5.19
110.50833,-8.97917,6.43
110.57708,-2.97889,6.23
110.86875,25.05056,5.03
111.85750,66.33167,6.47
110.86750,22.94528,6.02
110.60583,-5.98278,5.82
110.55625,-19.01667,4.96
110.08917,-52.31167,6.05
110.16125,-52.08611,5.39
111.13917,27.63806,5.76
111.11542,15.51722,6.41
111.67833,49.21139,4.64
110.75250,-31.92389,5.43
111.24250,11.66972,5.30
111.43167,27.79806,3.79
110.87125,-27.83417,5.38
110.88292,-32.20222,5.39
111.16708,-16.20111,5.33
111.07167,-22.91278,6.19
111.02375,-29.30306,2.45
111.41208,9.27611,4.99
110.99292,-35.83778,6.31
112.71958,68.46556,5.64
111.21125,-19.01222,6.24
111.28458,-13.75194,5.78
111.46250,-5.77500,5.97
111.18250,-31.80889,5.35
111.61625,10.60833,6.37
111.73458,20.25722,5.93
111.33292,-21.98278,6.05
111.67208,11.00917,6.41
111.35542,-25.21778,5.78
112.21500,48.18389,5.72
111.78750,8.28944,2.90
111.93500,21.44500,5.22
111.42917,-31.73861,6.31
101.74458,-87.02500,6.47
112.48333,49.67250,5.36
112.00875,6.94194,5.25
112.27792,31.78444,4.18
111.78333,-17.86444,5.63
112.04083,8.92556,4.32
111.74750,-23.08611,5.61
111.67625,-34.14083,5.90
112.33500,28.11806,5.05
112.19708,15.10944,6.22
111.96542,-11.55694,5.79
111.92875,-22.85972,5.95
112.45292,27.91611,5.01
111.59125,-51.01833,5.10
111.99667,-29.15583,5.54
112.44917,12.00667,4.54
112.32792,-1.90528,5.59
112.35708,-7.55111,5.86
112.34208,-10.32667,5.75
112.34125,-14.99917,6.05
112.21375,-31.84833,6.38
112.27042,-31.45639,5.77
112.46417,-23.02444,4.85
112.27375,-38.81222,5.43
112.71292,-5.22639,6.24
112.95167,17.08611,5.42
112.30750,-43.30139,3.25
113.02458,1.91444,5.25
112.67708,-30.96222,4.65
113.02417,-8.88083,5.90
112.49833,-52.65111,5.87
113.40208,15.82667,5.25
113.29833,3.29028,5.59
112.21375,-64.51000,6.39
113.65000,31.88861,2.88
113.65000,31.88833,1.98
112.62875,-54.39944,5.96
113.52125,10.56833,6.28
114.19583,55.75528,5.92
113.09292,-35.96139,6.30
113.78625,30.96111,5.33
113.34208,-14.33833,6.21
113.98333,43.03111,6.30
113.33125,-19.41250,5.66
113.29042,-24.71083,5.85
113.56583,3.37139,5.81
113.44958,-14.52389,4.97
114.13167,46.18028,5.65
113.98042,26.89583,4.06
113.51333,-22.29611,4.45
113.30625,-40.05889,6.26
113.57750,-23.47361,5.83
113.57958,-23.47472,5.87
113.46250,-36.33833,5.54
113.55333,-33.46333,6.11
114.47458,48.77361,5.92
114.32417,40.02528,6.38
113.64542,-27.01194,5.77
114.14458,5.86167,5.91
111.40833,-79.09417,5.53
114.06917,-8.31139,6.27
114.01625,-14.49278,5.70
113.84500,-28.36944,4.64
114.03250,-22.16056,6.34
114.63667,35.04861,5.56
113.66458,-51.47472,6.28
114.56042,24.36028,6.27
114.31958,-4.11111,5.13
114.17083,-19.70222,5.74
115.20625,57.08278,6.06
114.79125,34.58417,4.90
114.79958,24.22250,6.17
114.32000,-23.77500,6.37
113.91542,-52.53389,4.94
115.06083,38.34444,5.73
114.97542,32.00972,6.17
114.34208,-34.96861,4.53
114.86917,17.67472,5.05
115.30167,48.13167,5.56
114.18292,-48.83028,5.72
114.00708,-55.88750,6.39
114.82542,5.22500,0.38
114.57500,-25.36472,4.70
114.43833,-38.01056,6.38
115.75167,58.71028,4.99
114.70542,-26.80167,4.50
114.70750,-26.80361,4.62
115.02917,5.23083,6.02
115.24375,23.01861,5.89
115.19708,13.77083,6.24
114.68292,-36.49694,5.80
114.63583,-38.78111,6.19
114.86208,-26.86306,6.50
114.57583,-48.60111,5.68
115.14792,-8.18583,6.01
115.09667,-15.26361,4.94
115.05667,-19.66083,5.93
114.86417,-38.30833,4.84
115.68125,34.00028,6.02
114.93250,-38.13944,5.73
114.94917,-38.26083,5.76
115.46583,13.48056,5.77
115.39667,3.62472,5.94
115.51333,14.20833,5.56
114.99167,-37.57944,6.00
116.01750,50.43389,5.27
115.31167,-9.55111,3.93
114.75167,-53.27333,6.06
115.82792,28.88361,4.28
116.66708,65.45583,5.92
115.34833,-22.33722,6.18
116.61417,62.83056,6.49
115.84250,22.39944,6.21
115.31583,-38.53361,5.42
115.77250,0.18944,6.19
116.02875,25.78417,5.31
115.34083,-44.63222,6.41
116.11167,24.39806,3.57
116.05833,12.85944,6.43
115.70042,-26.35111,5.64
116.03083,2.40500,6.47
116.32875,28.02611,1.14
116.28875,20.31639,6.33
115.88500,-28.41111,4.59
115.80000,-36.05028,5.60
115.95208,-28.95472,3.96
115.73833,-45.17333,5.06
116.66375,37.51750,5.18
114.01750,-77.63417,6.18
115.92875,-38.20194,6.40
115.92458,-40.93389,5.17
116.53083,18.51000,4.88
116.14167,-24.67389,5.62
115.54250,-58.63083,6.43
116.04000,-36.06278,5.80
116.56750,10.76833,5.30
116.37125,-14.69083,6.07
116.14250,-37.94306,5.88
115.72208,-58.23000,6.21
116.87625,33.41556,5.14
116.50917,-6.77250,5.49
116.48708,-14.56389,5.04
116.31375,-37.96861,3.61
116.39583,-34.17306,5.37
116.68708,-12.67528,6.39
116.32542,-43.75222,6.03
117.14000,23.14111,6.18
116.54333,-37.93389,5.88
116.80208,-22.51972,5.90
115.45500,-72.60611,3.95
116.91042,-15.99083,6.34
116.93833,-16.01444,6.43
117.77375,54.12917,6.02
116.98625,-12.19306,5.48
117.25833,13.37083,6.04
116.39833,-56.72250,6.12
116.77417,-39.33139,6.31
117.02167,-25.93722,4.50
116.85417,-38.51111,5.08
116.18292,-66.07194,6.38
116.88125,-46.60861,5.23
116.05417,-69.82139,6.18
118.15250,55.20944,6.38
117.75958,33.23361,6.03
117.03542,-40.65222,6.14
117.36917,-13.35333,6.23
117.25708,-24.91222,5.33
117.42167,-17.22833,5.18
117.32375,-24.85972,3.34
117.08458,-47.07778,4.71
117.54417,-9.18333,5.61
117.31125,-35.24333,5.93
117.69750,3.27722,6.18
117.52375,-19.52361,6.12
117.39750,-33.28889,5.60
117.98625,19.32528,5.99
117.73000,-11.12861,6.16
117.30958,-46.37333,4.11
117.08000,-56.47111,6.33
117.36750,-44.75194,6.32
117.30375,-46.85778,5.84
117.92500,1.76694,5.14
117.75000,-24.52833,6.45
118.03000,3.27722,6.31
117.27792,-56.41056,5.59
117.92042,-12.81944,6.36
117.94292,-13.89806,5.17
118.62208,47.38611,6.25
118.67792,47.56472,5.45
118.37417,26.76583,4.97
117.92875,-21.17389,5.63
117.67667,-44.57972,6.45
117.30375,-60.28361,5.78
117.59958,-50.50972,5.91
118.19958,-5.42806,5.76
118.07875,-14.84639,5.69
117.83542,-43.09556,6.32
120.04875,73.91806,5.41
117.91792,-42.88833,6.04
118.06542,-34.70528,5.01
118.05417,-40.57583,3.73
117.42083,-66.19583,5.79
121.19625,79.47972,5.42
118.92000,35.41278,6.23
118.16125,-38.86306,4.49
118.26458,-36.36389,5.43
118.91625,19.88389,5.35
118.88083,8.86278,5.86
118.12375,-54.36722,5.70
118.26542,-49.61306,4.63
118.32583,-48.10306,4.24
118.54583,-35.87750,5.49
118.66625,-34.84694,6.15
119.09958,4.48583,6.17
119.56917,43.97750,6.34
119.24750,15.79028,5.78
118.80708,-30.91750,6.44
119.31625,8.64139,6.05
119.31750,1.12694,6.35
119.09500,-30.28528,6.33
118.75208,-52.58306,6.38
118.94375,-43.84500,6.02
119.21458,-22.88000,4.20
119.52417,7.21361,6.41
119.63125,16.51861,5.99
118.72167,-57.30306,5.63
120.33625,59.04750,5.77
124.22417,84.05778,6.49
120.42667,60.32444,6.01
119.58583,2.22472,5.29
119.24125,-42.40611,6.09
120.62833,63.09028,6.40
119.41708,-30.33472,4.79
119.24125,-43.50028,5.35
119.89625,13.24222,6.02
119.32667,-44.10972,5.09
119.19458,-52.98222,3.47
119.33333,-47.89028,6.22
120.64917,57.27361,6.49
119.07750,-60.52639,5.74
119.46583,-45.57778,5.17
119.93375,-3.67972,4.93
119.77375,-23.31056,5.11
120.23292,25.39278,5.83
120.20000,19.81611,6.25
119.21125,-59.12639,6.25
120.25292,23.58306,6.34
120.19708,17.30861,5.55
119.56000,-49.24500,4.41
120.47958,35.41306,6.34
119.96667,-18.39917,4.61
120.43250,25.08972,6.31
119.58917,-51.44861,6.44
120.37625,16.45528,5.99
120.30750,4.87972,5.65
119.75750,-45.21611,5.99
119.44542,-60.30333,5.60
119.30208,-63.29694,6.14
119.86833,-39.29722,5.24
120.30542,-1.39250,4.68
119.80125,-49.97667,6.32
119.80583,-49.97361,6.34
120.46125,8.91389,6.22
120.56625,2.33444,4.39
119.71042,-60.82444,5.81
120.06208,-48.98139,6.02
120.87958,27.79417,4.94
120.60833,-6.33722,6.33
120.12042,-48.87139,6.12
119.91750,-60.20750,6.33
119.90667,-60.58694,5.17
120.40583,-37.28361,5.95
120.52583,-37.05056,6.34
120.20792,-54.15139,5.87
120.34542,-54.51500,6.10
121.18833,18.84222,6.15
120.08333,-63.56750,4.82
120.76708,-32.46389,5.82
120.38125,-55.45500,6.28
120.68667,-41.31000,5.52
121.26875,13.11806,5.12
121.40417,27.52972,6.21
120.89625,-40.00333,2.25
120.87292,-42.94861,6.29
121.79125,43.26028,6.26
121.17292,-19.72806,6.13
121.57667,22.63556,5.99
121.06750,-32.67500,5.31
119.81708,-73.24472,6.34
121.45667,-0.57361,6.41
122.11417,51.50667,4.84
121.61458,-9.24500,6.23
122.51583,58.24806,5.93
121.94083,21.58167,5.30
121.43708,-33.56917,6.14
121.17667,-50.59056,5.95
121.33500,-46.97889,6.19
121.26667,-53.10806,5.53
122.34625,42.43056,6.27
123.20333,68.47417,5.32
121.82500,-20.55472,5.38
122.17667,13.64083,6.27
121.88583,-24.30417,2.81
121.17875,-62.83611,6.30
121.66833,-45.26639,5.05
122.14833,-2.98389,4.34
122.23708,-11.33972,6.32
122.18125,-20.36306,6.36
122.61333,25.50722,5.73
122.25667,-19.24500,4.40
122.36875,-16.24889,5.68
122.15667,-37.68139,6.37
126.13708,82.43083,6.32
122.74500,14.62944,6.23
122.29250,-35.45500,6.20
123.45917,56.45222,5.85
122.81917,9.82111,6.07
122.66583,-13.79917,5.54
122.29000,-48.68444,5.70
122.39958,-44.12278,5.21
122.44875,-42.64056,6.26
122.37208,-47.34583,4.27
122.38333,-47.33667,1.78
123.05292,17.64778,5.63
123.05292,17.64778,6.02
123.05542,17.64778,6.20
122.81792,-12.92694,4.72
122.88750,-7.77250,5.36
122.43000,-47.93750,5.23
123.28708,29.65667,5.64
124.88417,75.75694,5.54
122.10208,-63.80111,6.28
122.39000,-56.08556,5.66
122.75667,-37.29222,6.44
122.25292,-61.30250,4.76
123.96042,60.38056,6.45
123.24917,16.51417,6.01
121.98250,-68.61722,4.35
122.83958,-39.61861,4.45
122.85792,-42.98722,4.75
122.79625,-48.46194,5.82
123.54625,17.67583,6.47
123.33333,-15.78833,4.99
123.58750,13.04833,6.38
123.00000,-46.64417,5.76
123.21458,-37.92444,6.43
123.12875,-46.26417,6.03
124.46000,59.57111,5.64
125.16792,72.40722,5.98
123.37333,-35.89972,4.78
123.42125,-33.56917,6.37
123.54583,-32.14083,6.06
123.49333,-36.32250,5.08
123.49500,-36.34111,6.11
123.55500,-35.49056,5.78
123.51208,-40.34806,4.44
123.40083,-46.99194,5.13
124.82208,62.50722,5.71
124.56583,54.14361,6.27
123.39208,-50.19611,5.51
124.12875,9.18556,3.52
123.59958,-45.83444,5.83
123.96875,-30.92583,6.21
124.38208,8.86611,6.29
123.99542,-35.90278,6.16
125.10875,57.74333,5.89
123.84708,-50.44944,6.44
124.34625,-16.28500,6.16
125.12125,53.57444,6.49
124.59958,-12.63194,5.98
123.81625,-62.91583,5.16
124.49292,-30.00333,6.45
125.01625,27.21778,5.14
125.68375,60.63111,6.41
125.08750,20.74778,5.83
124.81292,-10.16583,6.32
124.57250,-35.45167,5.58
125.13375,24.02222,5.98
124.95792,3.94778,6.05
124.63875,-36.65944,4.45
125.05458,-0.90944,6.18
125.07125,-5.32917,6.13
124.87250,-34.59028,6.43
124.48250,-59.16694,6.42
125.70875,43.18806,4.25
125.11417,-22.92472,6.13
125.95208,53.21972,5.51
125.33417,-1.60222,6.50
125.33833,-20.07917,5.58
124.57875,-65.61333,5.07
125.47750,-17.58639,5.75
125.34583,-33.05444,4.83
125.33750,-36.48444,5.20
125.84083,18.33222,5.95
125.62583,-6.17917,6.15
125.35083,-39.62083,6.16
126.17833,42.00500,6.02
125.72500,-7.54333,5.96
125.69500,-13.05472,6.11
125.98000,10.63194,6.08
125.70792,-26.34806,5.90
126.27042,35.01139,6.06
125.30000,-57.97306,5.97
125.63167,-48.49028,4.82
126.15167,-4.71694,6.01
125.82167,-38.28583,6.32
126.14583,-3.75111,5.61
125.28208,-64.10611,6.12
126.45792,17.04611,6.14
125.73000,-52.12389,5.85
124.95417,-71.51500,5.37
125.00292,-71.50528,5.65
127.44250,67.29750,5.88
126.61542,27.89361,5.57
126.39792,2.10222,5.73
126.47833,7.56444,5.13
125.62833,-59.50972,1.86
126.22958,-23.15361,5.68
126.90333,45.65306,6.32
126.69500,26.93444,6.32
126.69583,26.93528,6.30
126.41500,-3.90639,3.90
126.26542,-24.04611,5.28
126.32958,-21.04583,6.01
126.41417,-17.43944,6.44
124.63167,-76.91972,4.07
126.68292,12.65444,5.50
126.48167,-14.92972,5.98
126.61333,-3.98750,5.59
126.23833,-42.76944,5.98
127.56625,60.71806,3.36
126.67458,-12.53444,5.54
126.46625,-42.15333,5.47
127.15333,24.14472,6.10
126.37917,-51.72806,5.17
128.22250,69.32000,6.31
127.15542,14.21083,5.95
125.51833,-73.40000,5.29
126.81833,-31.67306,6.33
127.12167,-2.51722,6.39
127.08208,-8.81611,6.43
125.16042,-77.48444,4.35
126.60500,-52.80750,6.05
127.21208,-9.74833,6.00
126.99708,-35.11389,5.75
126.46500,-64.60083,5.97
126.43417,-66.13694,3.77
127.83292,37.26583,6.18
126.90208,-53.08861,5.09
128.13958,53.11472,6.24
129.20292,74.72361,6.31
128.65083,65.14500,5.47
127.87708,24.08111,5.75
127.28167,-44.16056,5.79
127.89875,18.09444,5.35
127.26958,-47.92917,5.33
127.36500,-44.72500,4.99
128.22917,38.01639,5.90
127.61917,-32.15944,5.65
127.44000,-46.33194,5.99
128.34083,36.43639,6.24
128.17708,20.44111,5.33
127.87875,-19.57750,5.42
127.40125,-55.19111,6.36
128.25042,24.08472,6.36
126.82042,-70.09333,5.53
127.66333,-44.73722,6.30
128.16625,10.06611,6.46
127.85250,-39.06417,6.31
128.13875,-15.02944,6.38
127.79500,-47.86667,6.39
128.43792,13.25722,6.28
128.68250,36.41944,5.78
128.43125,4.75667,5.87
129.92750,73.62972,6.15
128.55542,8.45194,6.03
128.27000,-24.60639,6.19
127.87333,-54.39417,6.34
128.50667,-2.15167,5.81
128.21458,-31.50083,6.38
128.24417,-34.63389,6.36
128.02000,-53.21222,5.69
128.33292,-38.37111,6.49
128.40958,-38.84889,5.96
128.37667,-46.97111,6.24
129.79875,65.02083,5.64
128.85375,2.74361,6.33
126.08250,-80.91417,5.69
129.03208,15.31361,6.32
128.96250,6.62000,5.99
128.63208,-32.59861,6.43
128.86750,-7.98222,5.72
128.62208,-37.61139,6.30
129.59250,53.40139,5.66
129.79250,59.93944,6.48
128.87000,-26.84361,5.96
130.05333,64.32778,4.60
128.80250,-39.97000,6.47
129.75000,52.92500,6.42
129.27417,9.65556,5.88
128.68167,-49.94417,5.01
129.82333,52.71167,5.91
129.57917,32.80194,5.94
129.41417,5.70361,4.16
129.36292,-4.93361,6.19
128.96708,-50.97000,5.80
128.83167,-58.00917,4.86
128.81417,-58.22500,5.26
128.17583,-73.35667,6.12
129.68917,3.34139,4.44
129.37375,-33.74583,6.48
129.46750,-26.25500,5.27
130.25458,45.83389,5.37
130.07625,31.94194,6.10
129.85250,8.01722,6.45
129.66792,-19.73694,6.33
129.41125,-42.98917,4.14
130.02667,20.00778,6.39
130.09208,19.67000,6.44
130.11250,19.54500,6.30
129.78333,-22.66194,5.05
130.00625,-12.47528,4.98
129.32833,-62.85361,5.47
129.92708,-29.56111,4.89
129.84208,-36.60694,6.13
129.68708,-53.09056,6.47
130.75083,46.90111,6.22
130.02583,-35.30833,3.97
130.08042,-40.26417,5.20
129.84917,-53.43972,5.48
130.43042,-15.94333,4.88
129.99000,-53.05500,5.19
129.80500,-60.31722,6.36
130.14708,-45.19139,5.71
130.15667,-46.64889,3.84
130.54083,-11.96611,6.45
130.07333,-52.92194,3.62
130.07250,-53.01528,5.61
130.82125,21.46861,4.66
130.80125,12.68083,5.64
131.04208,36.91806,6.33
130.30458,-47.31694,4.77
130.27208,-48.92250,5.90
130.80625,3.39861,4.30
130.18167,-57.54528,6.34
130.48708,-45.41083,5.23
130.15417,-59.76111,4.33
130.99875,4.33472,6.37
130.91833,-7.23361,4.62
129.77167,-70.38694,5.20
131.17125,18.15417,3.94
130.56667,-48.09917,5.51
130.73750,-35.94333,6.42
131.33917,30.69778,6.13
131.18750,10.08167,5.66
130.57875,-53.10000,5.52
130.60625,-53.11389,4.86
130.89792,-33.18639,3.68
131.25542,5.68056,6.13
132.20583,66.70806,6.20
130.58708,-55.77417,6.29
131.33667,-2.60083,6.41
131.23000,-21.16778,6.11
131.67417,28.76000,4.02
130.91792,-49.82278,5.16
131.10000,-42.64917,4.07
131.51042,-2.04889,5.70
131.21625,-37.14722,5.76
131.52875,-11.00639,6.25
131.73333,12.11000,5.87
131.69417,6.41889,3.38
131.45542,-25.38750,6.10
131.59375,-13.54778,4.32
131.17583,-54.70833,1.96
131.81250,-1.89722,5.29
131.50708,-46.04167,3.91
131.59917,-41.12556,6.21
131.27208,-58.72500,6.21
131.70500,-34.62278,6.37
130.97625,-68.21167,6.32
132.10833,5.83778,4.36
132.02042,-6.55861,6.09
131.62750,-45.91278,5.46
131.12500,-65.82556,6.05
131.82875,-46.15556,5.75
131.91875,-41.73722,6.36
131.67708,-56.76972,4.49
132.63417,33.28528,6.25
132.34042,-3.44306,5.31
132.03667,-42.46389,6.43
130.33125,-78.96333,5.47
132.00083,-52.85056,6.30
132.68792,18.83222,6.16
133.34417,61.96222,5.73
133.27458,59.05611,6.25
132.43708,-21.04861,6.47
132.98667,43.72667,5.15
133.04833,45.31250,5.99
132.75625,15.35056,6.38
133.04167,42.00250,5.99
132.46458,-32.78056,5.21
132.50917,-29.46306,5.87
132.41333,-40.32056,5.48
132.59000,-28.61806,6.17
132.46833,-39.14167,6.39
132.63292,-27.71000,4.01
133.14417,32.47417,5.66
132.44875,-45.30806,4.93
133.11917,28.25917,6.23
133.14917,28.33083,5.95
132.89375,-7.17722,5.54
130.80167,-79.06972,6.05
132.58750,-42.09000,6.00
133.10083,5.34000,6.33
132.63958,-46.52917,5.10
133.48208,35.53833,6.14
133.12792,-13.23361,6.13
134.15625,64.60389,5.58
133.56125,30.57944,5.39
133.10875,-32.50917,6.50
133.16083,-36.54556,6.42
133.20000,-38.72417,5.82
132.90250,-57.63361,5.59
132.64500,-66.79306,5.35
133.57458,-5.43444,6.00
133.16083,-48.35917,5.91
133.91542,27.92750,5.22
133.17000,-52.12917,6.39
131.48000,-79.50444,5.79
132.45958,-72.55083,6.11
134.20833,45.63194,5.74
134.12708,40.20167,5.89
133.84833,5.94556,3.11
133.46125,-40.44750,6.47
133.26583,-56.64944,6.03
133.98167,11.62611,5.41
133.46125,-47.52083,5.33
133.80167,-18.24139,5.75
134.23583,32.91028,5.45
133.88125,-27.68194,4.89
134.15375,4.23667,6.14
134.28417,17.14389,6.17
133.98292,-23.81833,6.39
133.45292,-60.35417,5.78
134.31208,15.32278,5.20
133.83042,-45.04167,6.26
134.49458,30.23361,6.29
134.14208,-16.70944,5.96
134.39667,15.58139,5.67
134.42500,9.38778,6.19
133.72500,-58.24000,6.38
134.80167,48.04167,3.14
133.79958,-54.96556,5.71
133.76167,-60.64472,3.84
134.62167,11.85778,4.25
134.08083,-52.72361,4.69
134.88583,32.41861,5.20
135.63625,67.62972,4.76
134.79500,18.13472,6.38
134.68292,-16.13278,5.86
135.16000,41.78278,3.97
135.12833,37.60444,6.44
138.83833,84.18111,6.33
134.24333,-59.22944,4.92
134.48250,-48.57333,5.87
134.91625,-19.20806,6.18
134.81542,-28.80611,6.25
135.41917,39.71333,6.36
135.35042,32.25250,5.82
134.71792,-47.23472,5.18
135.45375,27.90278,6.07
135.38083,5.64083,6.07
135.02250,-41.25389,4.45
136.00167,54.28389,5.75
135.09250,-43.17333,6.07
135.90625,47.15667,3.60
135.68458,24.45278,5.45
135.49167,-0.48278,5.67
135.29750,-26.66389,6.20
134.85042,-59.08361,5.16
135.68667,7.29806,5.85
135.33667,-41.86444,5.55
136.04125,27.89833,6.38
135.52667,-39.40250,6.27
136.35042,48.53028,5.95
135.19042,-60.96389,5.79
135.43583,-52.18833,5.23
136.23000,32.37694,6.46
136.67958,59.34444,6.45
137.09833,66.87333,5.14
135.28542,-68.68389,5.88
135.77167,-53.54972,6.40
136.63250,38.45222,4.56
136.49333,5.09222,4.97
136.03875,-47.09778,3.75
135.61167,-66.39611,4.00
137.59667,67.13472,4.80
136.86208,22.98111,6.40
136.74958,1.46278,6.17
137.21792,51.60472,4.48
137.01708,32.54056,6.50
137.00042,29.65417,5.43
136.20000,-57.85250,6.44
136.93667,10.66806,5.24
137.72958,63.51361,4.67
137.21292,33.88222,5.93
137.19708,26.62917,5.98
137.33958,22.04556,5.14
137.01208,-25.85833,4.58
136.64167,-55.80333,6.11
137.17583,-8.58944,5.60
136.53167,-64.49972,6.37
136.99917,-43.43250,2.21
137.44333,11.56444,6.48
137.29792,-12.35778,5.77
137.18125,-26.76778,6.15
137.26792,-18.32861,5.73
137.66125,30.96306,5.95
137.58708,21.99639,6.01
137.39792,-8.78778,5.46
136.40958,-70.53889,4.71
136.28667,-72.60278,4.48
137.48500,-30.36528,5.59
138.96917,72.94611,5.96
137.43792,-49.42472,6.48
138.58583,61.42333,5.13
137.98167,5.46833,6.35
138.05375,3.86722,6.14
138.45083,43.21778,5.32
137.99458,-19.74778,5.73
137.76833,-44.86806,5.00
138.10833,-7.10972,6.11
137.92083,-39.25889,6.00
138.40542,21.28333,6.48
137.88833,-46.58389,5.79
137.74167,-58.96694,3.44
138.95792,56.74139,5.27
138.12750,-43.61361,5.57
139.04708,54.02194,4.83
137.81917,-62.31722,3.97
138.80958,34.63361,5.97
138.59125,2.31417,3.88
139.98250,74.01639,6.50
138.35792,-38.61639,6.31
138.32750,-42.27361,6.29
138.80750,14.94139,5.34
138.39375,-47.33861,5.92
138.53417,-44.14583,5.85
138.23167,-59.41444,5.54
138.60208,-43.22750,5.25
138.85375,-15.02472,6.35
139.38000,46.81722,5.97
138.73833,-37.60250,5.86
134.17125,-85.66306,5.42
138.57500,-55.56972,5.27
138.81083,-45.55556,6.25
139.17375,-6.35306,5.24
138.90292,-38.57000,4.94
139.17208,-8.74472,5.47
138.93792,-37.41333,4.62
138.30000,-69.71722,1.68
139.60833,35.36417,5.75
139.28125,-14.57361,5.84
139.01750,-44.89861,6.04
139.46417,11.50111,6.41
139.71125,36.80250,3.82
138.82292,-58.38861,6.02
139.09625,-44.26583,5.12
138.89583,-57.57806,6.32
139.23833,-39.40139,5.33
138.05125,-76.66306,6.14
139.05083,-57.54139,4.34
140.18250,51.26611,6.13
140.43042,56.69917,5.47
139.27250,-59.27528,2.25
139.42625,-54.49528,6.33
140.24708,38.18833,6.12
139.52417,-51.05111,5.26
139.88833,-15.83444,5.78
140.26375,34.39250,3.13
139.94333,-11.97500,4.79
140.36333,32.90194,6.16
139.67583,-51.56056,5.87
140.12083,-9.55583,4.80
139.94958,-34.10333,6.39
139.32167,-68.68944,5.39
139.46542,-67.05083,6.11
140.23125,-15.61778,6.33
140.12333,-37.58139,6.05
139.88583,-55.18667,6.28
140.37333,-25.96556,4.72
141.96500,75.09833,6.29
139.35583,-74.89444,5.29
139.36417,-74.73472,5.86
141.43417,63.94083,6.28
140.88250,25.18306,6.41
141.23208,51.57389,6.31
140.46208,-42.19500,5.58
140.23667,-62.40472,4.81
140.60000,-46.04750,5.75
141.16375,26.18222,4.46
140.45833,-55.51500,5.63
140.80125,-28.83389,4.69
140.52833,-55.01083,2.50
140.93667,-37.75722,6.48
141.38542,16.58556,6.29
141.06792,-39.42583,6.06
141.35000,-5.11750,5.59
140.99792,-51.73722,6.08
140.86417,-60.30250,6.30
141.59292,-1.46389,6.01
141.02375,-61.64889,5.99
142.16667,45.60139,5.41
141.68667,-28.78750,6.10
141.61875,-40.50194,6.20
142.44833,55.74556,6.45
141.89667,-8.65861,1.98
141.82667,-22.34389,4.69
141.94500,-6.07111,5.38
144.27167,81.32639,4.29
141.36292,-61.95028,5.77
141.57542,-53.37917,5.11
142.11458,9.05667,5.41
142.12167,8.18833,5.71
142.88208,63.06194,3.67
142.25917,-1.25694,6.27
142.28708,-2.76889,4.60
142.35208,-2.20528,6.14
141.68417,-64.92972,6.05
142.38500,-4.24722,6.26
142.30250,-20.74861,5.66
142.68000,33.65556,5.85
142.31125,-35.95139,4.51
142.31792,-38.40389,6.19
142.45792,-23.34528,6.24
143.72333,72.20556,5.72
142.88500,35.10306,5.37
142.47708,-26.58972,5.48
143.62042,69.83028,4.56
142.59417,-15.57722,5.85
142.93000,22.96806,4.31
144.02833,74.31778,6.46
143.21417,51.67722,3.17
142.19583,-62.27306,5.92
141.77667,-71.60222,5.47
142.99000,9.71583,5.07
142.69208,-31.88944,6.18
142.98625,11.29972,4.97
142.12750,-66.70194,5.91
142.52167,-51.51722,5.45
142.91208,-10.55222,6.14
142.67500,-40.46667,3.60
142.99542,-1.18500,4.57
142.98250,-10.37056,6.13
142.88417,-31.87194,5.93
142.88708,-35.71500,5.87
143.37625,36.48694,6.18
142.59750,-58.36167,5.88
143.17250,1.86417,6.11
141.03792,-80.78694,5.36
143.08500,-19.40028,5.74
143.07708,-28.62806,6.46
143.70625,52.05139,4.50
143.55583,36.39750,4.55
143.25875,-8.50528,6.12
143.23250,-13.51694,5.94
142.80542,-57.03444,3.13
143.49625,23.45389,6.25
143.33375,-7.19000,6.24
144.48417,73.08056,6.42
143.08042,-40.64944,5.35
143.30208,-21.11583,5.01
143.76583,39.62139,4.81
143.35917,-22.86389,5.91
143.28250,-39.12889,6.43
142.88708,-66.71944,6.27
143.63625,-5.91500,5.56
143.91500,35.81028,5.41
143.06083,-62.78889,6.10
143.43542,-49.00500,5.12
143.97042,14.37972,6.36
143.53667,-51.25528,5.01
144.17875,31.16167,5.56
142.90125,-73.08083,5.47
143.89042,-19.58361,6.31
143.79917,-35.82389,6.49
144.86625,67.27222,5.94
143.61125,-59.22944,4.08
144.26083,16.43778,5.69
144.30292,6.83583,5.00
144.59042,40.23972,5.25
144.25083,-25.29667,5.70
144.10542,-48.75139,6.17
144.46458,-9.42444,6.40
144.29125,-32.17861,5.63
144.61375,4.64917,4.68
144.36792,-36.09583,5.98
144.20667,-49.35528,4.35
144.19292,-52.94417,6.19
145.56167,69.23750,5.69
145.73833,72.25250,5.17
144.30125,-53.66861,5.45
144.50625,-43.19111,5.50
146.37833,78.13472,6.23
144.96417,-1.14278,3.91
144.94750,-10.57028,6.31
146.82500,79.13667,6.17
145.08375,-10.76917,6.37
145.07667,-14.33222,5.06
145.39667,31.27806,5.89
145.50125,39.75778,5.62
145.28750,9.89222,3.52
145.41042,25.91278,6.24
145.67958,48.43111,6.39
145.77917,54.36361,6.47
144.83750,-61.32806,4.52
145.67792,35.09333,6.14
145.32083,-23.59167,4.77
146.15292,64.98389,6.17
143.47167,-80.94139,5.11
145.88875,29.97444,5.64
145.56000,-23.91556,4.94
145.17708,-57.98361,5.32
145.25917,-57.25972,5.80
146.48083,63.65333,6.34
145.93292,14.02167,5.35
145.67250,-35.50167,6.41
145.44917,-55.21417,6.00
146.12500,18.86361,6.50
146.63208,57.12806,5.20
146.05042,-27.76944,4.79
145.86458,-51.22833,6.15
146.46292,23.77417,2.98
145.92583,-53.89167,5.56
146.54167,6.70861,5.79
146.59708,11.81000,5.63
146.34083,-30.20278,6.45
146.59833,1.78556,5.65
146.85792,11.56833,6.45
147.14750,46.02111,5.09
146.88958,11.42889,6.02
146.41875,-57.18556,6.46
146.31167,-62.50778,3.69
147.59875,65.59333,6.31
146.62667,-44.75500,5.55
146.48083,-58.79417,6.22
147.74750,59.03861,3.80
147.45875,21.17944,6.09
146.77542,-65.07194,3.01
146.77792,-65.07250,6.26
147.36708,-37.18639,5.97
147.62542,4.34361,6.24
148.02667,54.06444,4.59
147.16667,-56.41194,6.06
147.75833,13.06611,6.46
147.46375,-36.26861,6.37
147.48792,-45.73278,5.08
147.80833,-4.24333,6.01
147.97083,24.39528,5.32
147.84000,-6.18167,6.42
146.58583,-76.77611,5.45
147.86958,-14.84667,4.12
147.67500,-46.93444,5.73
148.19083,26.00694,3.88
148.05083,2.45417,6.02
148.05000,0.07556,6.35
147.99833,-16.53472,6.08
148.12667,-8.10500,5.05
147.83250,-46.19389,5.62
148.76417,61.11611,6.27
147.92000,-46.54778,4.58
147.80042,-59.42583,5.79
147.73208,-62.74528,5.57
148.42875,5.95833,5.95
148.24167,-27.33222,6.30
148.92917,49.82000,5.27
149.59500,72.87944,5.83
148.55125,-25.93250,4.88
148.25000,-55.37333,6.48
148.63208,-22.48833,6.24
149.30667,57.41833,5.93
148.71750,-19.00944,4.94
148.45917,-51.14694,5.93
148.57333,-45.28389,5.71
149.10833,8.93306,5.85
148.71375,-50.24389,5.72
149.42125,41.05556,5.14
149.48708,45.41444,6.30
149.02250,-40.82472,6.41
149.19375,-26.55028,6.28
149.14792,-33.41861,5.84
149.22500,-27.47500,6.32
152.14292,83.91833,6.37
149.09125,-51.33611,6.37
149.60875,27.75889,6.30
149.55583,12.44472,5.26
149.53167,8.31417,6.04
149.96542,56.81194,5.48
149.21583,-54.56778,3.54
149.29542,-52.63889,6.12
149.90083,29.64528,5.73
149.42708,-48.41444,6.05
149.04042,-71.38944,6.35
149.77542,-23.95028,6.21
149.71792,-35.89111,5.23
149.24875,-69.10194,6.20
150.05333,8.04417,4.70
150.25292,31.92361,5.36
150.70375,21.94917,5.66
151.15125,53.89167,5.74
150.41875,-53.36444,6.20
150.49167,-57.34972,6.20
151.29375,52.37083,6.14
150.92083,-9.57389,6.12
150.50000,-60.42083,5.94
151.03500,3.20111,6.45
151.01208,-18.10167,5.86
150.83542,-46.63611,6.12
151.08750,-24.28556,5.70
150.74958,-60.17861,6.19
150.70583,-62.15639,6.42
151.09750,-39.97583,6.43
151.42042,15.75750,6.37
151.28125,-13.06472,4.60
150.89292,-61.88389,6.14
151.31333,-36.38389,6.27
151.69750,5.61139,6.21
151.85750,35.24472,4.48
151.83333,16.76278,3.52
151.54708,-47.37000,5.08
151.78958,-17.14167,5.60
152.06625,31.60417,6.24
151.97625,9.99750,4.37
151.98458,-0.37167,4.49
152.09292,11.96722,1.35
150.18208,-82.21472,5.52
152.00708,-37.33361,6.36
152.14792,-15.61167,6.27
152.74542,40.66139,6.32
152.48542,-12.09583,6.24
152.53125,-8.40833,5.91
152.23458,-51.81111,4.86
152.52458,-12.81611,5.31
152.38250,-35.85667,6.13
152.80333,37.40194,5.85
152.64708,-12.35417,3.61
152.17750,-65.81528,5.28
152.73250,-8.41833,5.65
152.90917,13.35500,6.44
152.34125,-61.54917,5.60
152.82417,-7.31667,6.25
152.65792,-41.71500,5.98
152.37708,-68.68333,5.81
153.01208,-28.60639,6.28
153.20125,4.61472,5.77
153.15750,-19.15361,6.44
153.45750,27.13583,6.04
152.89667,-58.82806,6.40
153.78208,59.98556,6.25
152.94375,-58.06056,5.72
153.09583,-52.16333,6.16
153.33083,-27.02889,6.25
153.62375,21.16778,6.02
153.35333,-33.03194,6.38
153.77625,31.46806,6.46
153.44125,-40.34583,5.90
154.50458,73.07333,6.40
153.34500,-51.23333,5.28
153.25542,-59.91806,6.10
153.48583,-40.31056,6.35
153.36667,-51.75611,5.78
153.33833,-61.65889,6.41
153.68417,-42.12194,3.85
154.06000,29.31056,5.35
153.37750,-66.37306,5.16
154.50833,65.10833,5.82
154.11708,28.68250,6.49
153.83708,-36.51806,6.19
154.13458,23.50306,5.97
154.17250,23.41722,3.44
154.17458,25.37139,5.84
154.27417,42.91444,3.45
154.03792,-11.20333,6.08
154.16958,13.72833,5.41
153.88125,-43.11250,5.60
153.43417,-70.03806,3.32
153.81917,-54.97417,6.16
154.31083,23.10611,5.82
154.40750,-8.06889,5.24
154.01292,-59.90333,6.22
154.74583,46.76083,6.43
154.16750,-51.20500,6.30
154.86167,48.39694,6.00
155.26417,68.74750,5.96
154.75292,24.71167,6.40
154.53167,-28.99194,5.34
154.27083,-61.33222,3.40
155.06167,53.77917,6.45
155.13000,54.21694,6.00
154.65750,-36.80472,6.30
154.93375,19.47083,4.79
154.82000,-12.52806,6.00
154.61750,-41.66833,5.96
154.99292,19.84167,2.61
154.99417,19.84056,3.80
154.88417,-5.10583,6.37
154.99750,-9.05889,6.32
154.65667,-56.11000,5.81
157.42292,84.25222,5.50
154.90333,-55.02944,4.57
154.77000,-64.67639,5.67
155.06958,-47.69917,5.65
155.54375,41.22944,5.76
155.58208,41.49944,3.05
155.45958,14.97556,6.12
155.36958,-23.71083,6.50
156.03292,65.56639,4.97
155.22833,-56.04306,4.50
155.77625,33.90806,5.90
155.55375,-19.86694,6.13
155.75167,6.54250,6.07
155.92417,29.61583,6.39
155.58167,-41.65000,4.83
156.03583,33.71861,5.50
155.86042,-4.07417,5.97
155.80458,-30.16222,6.27
157.76917,82.55861,5.26
156.05458,2.36806,6.32
155.87208,-38.01000,5.33
155.91833,-41.95333,6.27
156.31333,8.78472,5.61
155.74208,-66.90167,4.99
156.47875,33.79611,4.74
155.96208,-57.95389,6.35
156.43458,-7.05972,5.57
156.32167,-42.46806,6.18
156.52250,-16.83639,3.81
156.24750,-58.57639,5.95
156.86667,41.60083,6.02
156.75208,19.36444,6.15
157.01583,48.78472,6.44
156.53958,-42.73889,6.13
156.97083,36.70722,4.21
156.91250,9.76250,6.04
156.09875,-74.03167,4.00
157.15208,45.21222,6.35
156.78792,-31.06778,4.25
156.18458,-73.97167,6.19
157.47625,65.62611,6.32
156.70417,-54.87750,5.58
157.61083,64.25750,6.12
157.18333,-3.74250,6.05
156.85167,-57.63889,4.66
157.00792,-49.40556,6.10
157.65667,55.98056,4.84
157.52667,38.92528,5.77
156.96958,-58.73944,3.82
156.85542,-65.70472,6.01
157.36958,-2.73917,5.21
157.37083,-29.66361,5.58
157.39750,-30.60722,5.56
157.57292,-0.63694,5.09
157.21917,-64.17222,5.29
157.74458,-7.63750,6.20
157.74917,-13.58833,5.58
157.96417,32.37944,5.90
158.77292,75.71306,4.84
158.04917,14.13722,5.46
157.66333,-61.35611,6.43
157.53625,-66.98500,6.19
157.95250,-28.23750,6.05
158.43167,53.49750,6.45
158.30792,40.42556,4.75
158.20292,9.30667,3.85
157.84083,-53.71556,4.89
157.98958,-45.06667,5.74
157.98583,-45.06944,6.09
158.37875,34.98861,5.58
157.58375,-71.99306,4.74
158.14000,-44.61889,5.91
158.00583,-61.68528,3.32
158.79042,57.08278,5.16
157.75833,-73.22167,4.93
158.23708,-47.00333,5.02
158.19833,-58.66694,6.00
158.50375,-23.74528,5.08
158.70000,6.95361,5.08
158.35542,-58.19028,6.14
158.75917,8.65028,5.67
158.74042,-23.17611,6.10
159.08917,36.32694,6.28
158.55375,-60.98778,6.23
158.91208,-18.56917,6.49
158.80375,-39.56278,5.38
158.79375,-43.66472,6.08
159.06958,-16.34444,6.03
159.01917,-26.67500,6.29
159.13500,-12.23028,5.70
158.89708,-57.55778,4.45
159.30708,-27.41250,4.89
159.38833,-13.38444,4.82
159.08458,-59.56472,5.08
159.77375,53.66833,5.52
159.68000,31.97611,4.71
159.32542,-48.22583,3.84
159.78167,37.91000,5.85
159.36167,-58.73333,5.45
158.85333,-76.30917,6.30
159.64583,-16.87667,4.91
159.71000,-12.44361,6.04
159.51042,-57.25639,5.91
158.86708,-78.60778,4.11
159.70958,-42.75361,6.11
160.45125,68.44333,5.75
159.68792,-59.18306,4.66
160.48583,65.71639,5.12
159.74750,-58.81694,5.92
159.82667,-55.60333,4.28
160.76708,69.07611,5.00
160.35083,-1.74167,6.26
160.21500,-35.74167,6.37
160.54708,31.69694,6.02
160.04708,-65.10056,5.52
159.81917,-74.49361,6.07
160.93042,57.19917,5.80
160.32333,-59.67694,6.42
160.75750,26.32556,5.51
160.63042,-13.97500,6.24
160.88708,46.20389,5.18
160.85417,23.18833,5.08
160.83708,4.74778,5.79
160.68000,-32.71583,5.64
161.26667,67.41139,6.00
160.55833,-64.46639,4.82
161.06042,19.75861,6.27
160.66917,-59.21583,5.38
160.73917,-64.39444,2.76
160.88375,-60.56667,4.57
161.28917,2.48806,6.28
161.59375,57.36583,6.34
161.46625,30.68222,5.24
160.96333,-64.24889,5.77
161.02875,-63.96111,4.82
160.46375,-79.78333,5.97
161.52375,6.37306,6.37
161.60208,18.89139,5.49
161.60542,14.19472,5.48
161.26500,-59.68417,6.21
161.08083,-70.86000,6.26
161.13375,-70.85500,6.46
161.11042,-72.44389,6.27
161.71667,-17.29667,5.42
162.20833,65.13222,6.39
161.69250,-49.42000,2.69
161.57000,-60.60333,6.25
161.56875,-64.51500,5.34
161.62375,-64.26333,5.23
161.73958,-56.75722,5.23
161.71333,-64.38333,4.85
162.23833,29.41583,6.15
162.16917,-1.95889,5.93
162.05917,-31.68833,5.88
161.91125,-57.46778,6.36
162.31417,10.54528,5.34
162.02250,-59.91917,6.00
162.47375,27.97389,6.04
161.31542,-80.46972,5.47
162.40625,-16.19361,3.11
162.43125,-9.85278,5.86
161.44500,-80.54028,4.45
162.79625,56.58222,5.67
162.84875,59.32000,5.58
162.57542,-8.89778,5.79
162.48750,-34.05806,5.61
162.35042,-59.32361,5.91
162.77250,-3.09250,5.95
163.13292,52.50361,6.44
163.37792,69.85389,5.93
163.05708,1.02528,6.38
163.15042,-0.20139,6.31
163.39375,54.58500,5.10
163.32792,34.21500,3.83
163.49458,43.19000,4.71
163.35375,-2.25528,6.12
163.12875,-57.24056,5.25
163.37292,-20.13889,5.24
163.38708,-15.44556,6.38
163.43208,-2.12917,5.45
163.67583,25.49083,6.20
163.57417,-13.75806,5.66
163.74250,34.03472,5.72
163.37333,-58.85333,3.78
163.93500,33.50694,5.03
163.90333,24.74972,4.50
163.90542,24.74889,6.30
163.79833,-20.66500,6.44
163.42500,-70.72028,5.99
163.75417,-42.25111,6.11
164.06042,42.00833,6.03
163.92667,0.73694,5.91
163.62333,-61.82667,5.93
164.00625,6.18528,5.81
163.11458,-79.55944,6.33
164.07042,22.35167,6.14
164.14333,25.50000,6.35
163.82167,-60.51694,5.92
164.98667,77.77000,6.20
164.17958,-37.13778,4.60
164.28292,-50.76500,5.91
164.82458,51.88222,6.17
164.45167,-59.73194,6.11
164.86667,40.43028,5.05
164.88667,36.09306,6.00
164.31542,-75.09972,6.13
165.06125,45.52611,5.47
164.80792,-33.73722,5.71
165.10667,51.50194,6.43
164.87875,-16.35389,5.89
165.08583,42.91139,6.02
165.27417,63.42111,6.39
164.94375,-18.29889,4.08
165.21000,39.21222,5.08
165.04833,-14.08333,5.88
164.80833,-61.32028,6.16
165.14000,3.61750,4.84
164.99750,-43.80722,5.81
165.03875,-42.22583,4.39
165.18667,6.10139,4.99
165.46042,56.38250,2.37
165.03583,-51.81778,6.15
165.23833,-15.79278,6.34
165.17000,-31.83944,6.07
165.45708,-2.48472,4.74
165.58250,20.17972,4.42
165.93208,61.75083,1.79
165.60167,-26.83139,6.23
165.81083,-0.75250,6.14
165.81208,-11.30361,5.50
165.90250,-0.00083,5.95
165.81708,-31.96083,6.46
165.90208,-13.43444,6.34
166.13000,38.24139,6.00
166.25417,7.33611,4.63
166.13000,-47.67917,5.67
164.80750,-84.59389,6.19
166.22583,-35.80472,5.43
166.33292,-27.29361,4.94
166.39167,-11.08889,6.09
166.26750,-49.39250,6.13
166.49000,-27.28778,5.71
166.52417,-51.21250,6.30
166.72583,1.95556,5.52
166.61417,-50.95667,6.32
166.91542,23.32361,6.46
166.62208,-58.67528,6.02
166.63500,-62.42417,4.61
166.60083,-64.83972,6.41
166.81917,-42.63861,5.15
166.70792,-70.87806,5.57
167.41625,67.21028,6.06
167.06583,-29.97278,6.49
167.20458,24.65833,5.68
167.32958,36.30944,5.74
167.18292,-28.08056,5.44
167.41583,44.49861,3.01
167.41042,43.20750,5.89
167.14750,-58.97500,3.91
167.14167,-61.94722,5.13
167.47250,-32.36750,5.81
168.04583,68.27194,6.40
167.93208,14.40028,6.30
167.91458,-22.82583,4.48
168.13417,35.81361,6.41
168.06167,-32.43389,6.38
168.12667,-18.50000,6.13
168.14417,-21.74917,6.40
167.87292,-71.43639,6.35
168.13792,-49.10111,5.36
168.41750,41.08861,6.33
168.15000,-60.31750,4.60
168.23708,-49.73639,6.11
168.31125,-44.37222,5.80
168.18833,-64.16972,5.23
168.44000,-0.06972,5.42
168.52708,20.52361,2.56
168.50750,8.06056,5.79
168.56000,15.42944,3.34
168.41375,-53.23167,5.76
168.37833,-59.61944,5.74
168.80083,23.09556,4.63
169.01667,52.77306,6.50
168.72500,-43.73417,6.21
168.96625,13.30750,5.32
169.17458,49.47639,5.88
169.16542,-3.65167,4.47
169.24250,-7.13472,6.14
169.11542,-45.88000,6.31
169.32250,2.01056,5.18
169.29917,-38.01444,6.27
169.41333,-34.73722,6.45
169.54542,31.52917,4.87
169.54583,31.52917,4.41
169.61958,33.09417,3.48
169.32917,-67.82361,6.06
169.78292,38.18556,4.78
169.72917,1.65056,5.91
169.83542,-14.77861,3.56
170.22417,67.10056,6.21
169.81875,-64.58250,5.99
169.64292,-79.66861,6.35
170.28417,6.02944,4.05
169.90125,-75.14250,6.27
170.45542,57.07500,6.43
170.01625,-71.99444,6.41
170.25167,-54.49111,3.89
170.71375,64.33056,6.02
170.70667,43.48278,4.99
170.59625,-44.64583,6.12
170.82500,0.13167,6.05
170.84125,-18.78000,5.09
170.80292,-36.16472,5.00
170.48792,-77.60833,6.43
170.78375,-56.77944,5.79
170.98125,10.52917,3.94
171.00958,1.40778,5.39
170.84083,-64.95500,5.11
171.15250,-10.85944,4.83
171.09208,-42.66917,6.12
171.24542,11.43028,5.80
171.22042,-17.68389,4.08
171.04625,-72.25667,5.59
171.48792,55.85056,5.75
171.40167,16.45639,5.57
171.37250,-36.06306,5.22
171.45833,3.86000,6.37
171.38792,-37.74778,5.89
171.60625,33.45056,6.32
171.43000,-63.97278,5.17
171.68875,3.01306,6.50
171.64708,-61.11528,5.30
171.78958,-12.35667,5.94
171.69708,-53.16000,5.81
171.98417,2.85611,4.95
171.97375,-1.70000,6.25
171.99375,-35.32861,6.45
172.26917,61.77833,5.83
172.26750,39.33694,5.31
172.14625,-42.67417,5.08
172.43125,56.73750,6.28
172.07583,-72.47444,6.09
172.42458,15.41333,5.74
172.55375,54.36167,6.41
172.41083,-24.46333,5.76
172.96000,81.12722,6.15
172.60417,46.65750,6.35
172.62958,43.17333,5.94
172.57875,-3.00361,4.77
172.62083,18.40972,5.52
172.85083,69.33111,3.84
172.72042,47.92917,6.42
172.93708,14.36444,6.20
172.81250,-61.27833,6.38
173.08667,61.08250,5.48
172.94833,-20.77667,6.24
172.94208,-59.44222,5.13
172.95333,-59.51583,5.15
173.06708,-29.26333,5.81
173.06792,-29.26111,5.64
173.09708,-26.74667,6.16
173.19792,-7.82750,5.95
173.20042,-40.43639,5.64
173.08292,-66.96222,5.90
173.22542,-31.08722,5.04
173.25042,-31.85778,3.54
173.31083,-16.28056,6.05
173.48458,36.81556,6.40
173.40542,-40.58694,5.39
173.59167,3.06000,5.77
173.67708,16.79694,5.95
173.77042,54.78528,5.63
173.62292,-32.83139,5.98
173.76583,20.44139,6.45
173.69042,-54.26417,4.62
174.01167,69.32278,5.20
173.73667,-49.13667,5.50
173.80500,-47.37250,5.71
174.07458,27.78111,5.80
173.98167,-47.64167,5.25
173.94500,-63.01972,3.13
174.17042,-9.80222,4.70
174.14583,-33.57000,5.74
174.17000,-37.23778,6.31
174.23708,-0.82389,4.30
174.09292,-61.05222,5.83
174.25500,-32.98806,6.29
174.47083,50.61833,6.14
174.25250,-61.28333,5.15
174.39125,-47.74722,5.44
174.58583,43.62556,5.59
174.54083,8.88417,6.17
174.31500,-75.89667,5.65
174.63958,46.83417,6.10
174.70500,64.34694,6.46
174.63417,33.62556,6.27
174.61500,8.13417,5.36
174.60042,-2.43611,6.22
174.45167,-67.62028,5.96
174.68708,45.10861,6.44
174.53042,-61.82639,5.15
174.66708,-13.20194,5.48
174.75167,-24.72111,6.42
174.96292,-14.46861,6.21
174.96000,-16.62028,6.19
174.87250,-65.39778,5.17
175.11417,57.97056,6.37
175.05333,-34.74472,4.70
175.19625,21.35278,5.26
175.26250,34.20167,5.33
175.17750,-53.96861,5.96
175.28500,-29.19639,6.44
175.22333,-62.09000,4.94
175.43167,55.17250,6.27
175.39292,31.74611,5.73
175.33250,-43.09583,5.55
175.43333,-32.49972,5.22
175.61833,66.74500,5.30
175.51458,-20.29389,6.22
175.25500,-83.10000,6.33
175.86333,-37.19028,5.98
175.73083,-79.30639,6.39
175.97958,-6.67722,6.07
175.88000,-62.48944,5.03
176.05500,25.21833,6.02
175.97042,-62.87833,6.10
176.19083,-18.35083,4.73
176.32125,8.25833,4.85
176.30250,-49.06972,6.26
176.46500,6.52944,4.03
176.51250,47.77944,3.71
176.43292,-45.69000,5.29
176.40167,-66.72861,3.64
176.73167,55.62833,5.27
176.62833,-61.17833,4.11
176.62958,-40.50056,4.91
176.77917,-35.90694,6.17
176.81542,-30.28694,6.48
176.82958,-57.69639,5.41
176.99625,20.21889,4.53
176.97875,8.24583,5.32
177.09792,-10.31333,6.26
177.05958,-66.81472,4.72
177.16125,14.28417,5.88
177.18792,-26.74972,5.11
177.25500,-0.31861,6.15
177.26500,14.57194,2.14
177.31208,16.24278,6.04
177.42375,34.93167,5.70
177.42125,-63.78833,4.32
177.48583,-70.22583,4.97
177.58125,-15.86389,6.13
177.67375,1.76472,3.61
177.61333,-62.64944,5.70
177.65458,-27.27778,6.48
177.73042,12.27889,6.35
177.75917,-5.33333,5.64
177.78917,33.37500,6.27
177.78625,-45.17361,4.46
177.84125,-12.18778,6.35
177.92333,-30.83500,5.85
177.96333,-65.20611,4.90
178.24500,37.71861,6.45
178.04208,-56.98778,5.57
178.22750,-33.90806,4.28
178.36167,-35.06667,6.17
178.45750,53.69472,2.44
178.45958,0.55194,6.30
178.54792,-57.41000,6.06
178.60750,-37.74889,6.46
178.67708,-25.71389,5.30
178.76292,8.44389,5.58
178.80875,36.75639,6.49
178.74917,-63.27889,5.91
178.91875,15.64667,5.53
178.91708,-28.47694,5.93
178.99333,56.59861,5.84
179.00375,-17.15083,5.18
178.97792,-39.68917,6.13
179.22167,61.54917,6.22
179.18292,-47.07250,6.26
179.26542,-33.31528,6.21
179.41708,-62.44889,5.57
179.53000,32.27389,6.42
179.56333,-56.31722,5.44
179.69875,-64.33917,5.61
179.72667,-25.90889,6.43
179.76417,0.53056,6.17
179.82333,33.16750,5.96
179.79542,-51.69667,6.05
179.90542,-78.22194,4.91
179.98833,34.03500,6.50
179.98708,3.65528,5.37
180.07750,80.85306,6.17
180.18542,-10.44611,5.55
180.17708,-21.83722,6.28
180.21833,6.61417,4.66
180.21333,-19.65889,5.26
180.25750,-1.76806,6.31
180.37083,-57.50361,6.16
180.41458,36.04194,5.59
180.52833,43.04556,5.21
180.58375,-85.63167,6.05
180.61917,-71.48889,6.42
180.65708,-69.19222,5.89
180.71500,-7.68361,6.22
180.75625,-63.31278,4.33
180.91500,-42.43417,5.15
180.93458,-74.21389,6.44
181.06917,21.45917,5.87
181.08000,-63.16556,4.72
181.16125,-68.32917,5.35
181.19375,-76.51917,5.04
181.11708,85.58722,6.27
181.23792,-60.96917,5.96
181.30208,8.73306,4.12
181.31292,76.90583,5.80
181.41542,62.93306,6.13
181.47167,-65.54722,6.33
181.48625,-35.69389,6.23
181.49917,-3.13167,6.37
181.58250,-68.65083,6.23
181.59625,-65.70917,6.06
181.72042,-64.61361,4.15
181.95750,-75.36694,5.18
182.02167,-50.66139,4.47
182.02000,-50.76333,6.37
182.06125,-48.69278,5.34
182.08958,-50.72250,2.60
182.10250,-60.84722,6.22
182.10333,-24.72889,4.02
182.22417,-44.32611,5.75
182.22708,-41.23139,5.48
182.42208,1.89778,5.95
182.44708,74.66139,6.35
182.51042,-34.70500,6.17
182.51417,5.80694,5.72
182.53125,-22.61972,3.00
182.64083,-37.87028,6.06
182.63167,16.80917,6.39
182.69208,27.28139,6.01
182.77042,-61.27750,6.08
182.76625,-23.60250,5.46
182.88083,-51.35944,6.23
182.91292,-52.36861,3.96
182.75000,81.71000,6.00
182.96333,25.87028,5.66
182.93708,57.05444,6.43
183.00500,28.53611,6.49
183.03875,20.54194,5.57
183.09167,-62.95083,5.92
183.19500,-70.15194,6.17
183.04958,77.61639,5.14
183.30417,-34.12556,6.50
183.35542,-38.92917,5.76
183.48208,-78.57361,6.35
183.35792,10.26222,5.85
183.40292,-33.79278,6.33
183.51083,-45.72389,5.31
183.57000,-64.40861,6.22
183.68083,53.43472,6.16
183.74833,-20.84417,5.83
183.78625,-58.74889,2.80
183.79417,-10.31250,6.11
183.87708,-41.91306,6.26
183.78542,70.20000,5.71
183.85667,57.03250,3.31
183.95167,-17.54194,2.59
184.00083,14.89889,5.10
184.09792,-72.61472,6.22
183.92250,72.55083,6.29
184.03167,40.66028,5.66
184.08542,23.94528,4.95
184.12542,33.06139,5.00
184.27500,-65.69278,6.06
184.26375,-16.69361,6.05
184.39208,-67.96083,4.11
184.37292,53.19111,5.81
184.37708,28.93722,5.70
184.58625,-79.31222,4.26
184.44708,-36.09389,6.15
184.43458,15.14417,6.34
184.60875,-64.00306,4.04
184.63167,30.24917,6.23
184.66792,-0.78722,5.90
184.74875,-55.14306,5.00
184.21417,86.43611,6.33
184.75875,26.00778,6.48
184.82958,23.03472,6.27
183.83458,87.70000,6.28
184.70792,75.16056,5.38
184.87333,28.15694,6.33
184.97667,-0.66694,3.89
184.95292,48.98417,5.29
185.04458,-22.17556,5.97
185.11667,-65.84278,6.21
185.08208,26.61944,5.54
185.07375,26.00194,6.15
185.08750,3.31250,4.96
185.14042,-22.21583,5.21
185.17917,17.79278,4.74
185.23208,-13.56556,5.14
185.34000,-60.40111,3.59
185.21167,57.86389,5.55
185.48958,-56.37472,5.92
185.53042,-67.52194,5.15
185.54958,-68.30750,5.74
185.54500,24.77389,6.19
185.70542,-57.67611,5.39
185.62625,25.84611,4.81
185.63333,5.30556,6.40
186.40625,-86.15056,6.33
185.80750,-67.63167,6.36
185.84000,-24.84056,5.68
185.89750,-35.41278,5.32
185.90375,-39.30306,6.40
185.93708,-38.91111,5.79
185.94583,42.54278,6.06
186.00625,51.56222,4.80
186.07708,26.09861,5.18
186.18625,-41.38417,6.25
186.11125,25.58278,6.42
186.32208,-65.77056,6.30
186.28542,-42.51444,6.11
186.29875,-11.61028,5.95
186.32667,-27.74917,6.09
186.34083,-35.18639,5.73
186.31292,23.92611,6.03
186.26333,56.77750,5.81
186.27667,63.80278,6.32
186.46208,39.01861,5.02
186.62875,-63.12250,4.86
186.64958,-63.09917,1.33
186.65208,-63.09944,1.73
186.63167,-51.45083,4.82
186.60042,27.26833,4.95
186.70083,-48.91333,6.26
186.71542,-32.83000,5.55
186.85250,-63.78917,6.00
186.73458,28.26833,4.36
186.74708,26.82556,5.00
186.86958,-58.99194,5.50
186.60083,71.92972,6.24
186.92542,8.61028,6.37
186.95583,-16.63194,6.35
187.01000,-50.23056,3.91
187.07875,-64.34139,6.04
186.89625,55.71278,5.70
186.96500,-4.61528,6.22
187.10625,-61.79528,6.22
187.09375,-39.04139,5.44
187.13917,-56.40778,6.15
187.22792,25.91278,5.29
187.36208,24.10889,5.48
187.47458,-56.52472,5.80
187.49125,-41.73611,6.02
187.43000,20.89611,5.69
187.46625,-16.51556,2.95
187.52000,-13.39306,6.35
187.57292,-23.69667,5.63
187.48875,58.40583,5.35
187.51208,51.53556,6.21
187.51792,58.76750,6.08
187.79125,-57.11333,1.63
187.81958,-57.08111,6.42
187.52792,69.20111,4.95
187.75250,24.56722,5.46
187.70875,53.07667,6.21
187.91792,-59.42389,5.48
188.04167,-73.00167,5.88
187.83917,7.60417,6.05
187.98250,-63.50611,5.95
187.91125,-5.05250,6.19
188.11667,-72.13306,3.87
188.01875,-32.53361,6.46
188.01750,-16.19611,4.31
188.15000,-13.85917,5.74
188.26208,10.29556,6.26
188.34333,-19.79194,6.26
188.39292,-12.83028,5.58
188.39250,24.28306,6.29
188.44500,-9.45194,5.48
188.49667,-49.90944,6.38
188.41208,33.24750,5.42
188.44750,33.38472,6.24
188.43542,41.35750,4.26
188.59667,-23.39667,2.65
188.37083,69.78833,3.87
188.67625,-44.67333,5.77
188.71292,22.62917,4.81
188.87083,-61.84194,6.22
188.78250,18.37694,5.02
188.78375,21.88139,5.85
188.93958,-41.02194,5.13
188.68333,70.02194,4.94
189.00500,-39.87000,5.80
188.99417,-20.52722,6.20
189.29583,-69.13556,2.69
189.19750,-5.83194,5.87
189.09708,59.48694,5.50
189.24292,17.08944,5.68
189.42583,-48.54111,3.86
189.42583,-27.13889,5.45
189.81042,-75.36944,6.49
189.51833,3.28250,6.33
189.71875,-67.19306,6.25
189.59333,1.85472,5.71
189.68583,-18.25028,6.00
189.76458,-30.42222,5.89
189.69292,40.87444,6.37
189.75875,22.65944,6.38
189.81167,-7.99556,4.66
189.98167,-66.51167,6.26
189.78042,21.06250,5.46
189.82042,35.95194,6.45
189.96875,-39.98750,4.64
190.34583,-46.14556,5.84
190.37917,-48.95972,2.17
190.52125,-69.40750,6.33
190.31667,-13.01361,6.08
190.31750,-13.01500,5.98
190.48583,-59.68583,4.93
190.39333,10.42639,6.19
190.41500,-1.44944,3.65
190.41500,-1.44944,3.68
190.45500,-19.75861,6.03
190.47125,10.23556,4.88
190.48792,6.80667,5.59
190.70958,-63.05861,5.31
190.64750,-48.81306,4.66
190.70667,-55.94722,6.08
190.39125,62.71306,6.07
190.78792,-56.17611,6.00
190.86750,-58.90306,6.40
190.85958,-40.17778,6.44
190.90875,-1.57694,5.93
190.99458,-36.34917,6.39
191.00208,-28.32389,5.48
190.76750,61.15556,6.38
191.25708,-68.83111,6.16
191.40792,-60.98111,4.69
191.11292,44.10306,6.33
191.57042,-68.10806,3.05
191.24792,39.27889,5.95
191.28250,45.44028,4.99
191.40458,7.67333,5.22
191.59458,-56.48889,4.65
191.59375,9.54000,5.67
191.69167,-33.31556,5.86
191.66125,16.57750,5.12
191.10833,80.62111,6.40
191.93000,-59.68861,1.25
191.75958,5.95083,6.34
191.80667,11.95806,6.07
191.88917,-6.30194,6.26
191.97375,-24.85167,6.44
191.96417,3.57278,6.41
191.82875,62.78083,5.89
192.11000,-27.59750,5.66
192.43708,-71.98639,5.55
191.89333,66.79028,5.43
192.19583,24.84028,6.31
192.22583,14.12250,5.70
192.17417,48.46694,6.27
192.16417,60.32000,5.85
192.32250,27.55222,5.78
193.74417,-85.12333,5.46
192.58167,-48.45972,6.24
192.74125,-52.78750,5.73
192.57250,22.86333,6.43
192.67167,-33.99944,4.91
192.54458,37.51694,5.89
192.82417,-60.32972,5.72
192.84542,-10.33833,6.41
192.90375,3.05667,6.02
192.98667,-39.68083,5.98
193.02208,-48.09417,6.33
192.99125,-26.73806,6.15
193.10250,-53.82944,6.24
192.92458,27.54056,4.94
193.05125,17.07389,6.32
193.26625,-54.95250,5.93
193.11500,16.12250,6.30
193.34083,-60.32861,5.76
193.27875,-48.94333,4.33
193.35917,-40.17889,4.27
193.45458,-60.37694,5.90
193.29667,-3.55306,6.11
192.27750,83.41806,5.85
192.30667,83.41278,5.28
193.32417,21.24500,4.90
193.40875,-4.22389,6.44
193.66333,-59.14667,4.62
193.64833,-57.17778,4.03
193.65333,-57.16833,5.17
193.45708,12.41861,6.25
193.57792,-11.64861,6.00
193.58833,-9.53889,4.79
193.74375,-44.15194,5.89
193.55458,33.53444,6.26
193.50708,55.95972,1.77
193.83083,-42.91583,5.47
194.13125,-72.18528,5.93
193.98750,-56.83611,5.32
193.73542,47.19667,5.84
193.90083,3.39750,3.38
193.97208,-15.32694,6.17
194.26833,-51.19861,5.16
194.00167,38.31472,5.60
194.00708,38.31833,2.90
193.86875,65.43861,5.24
194.07333,54.09944,5.82
194.38833,-22.75389,6.31
194.28208,46.17694,6.12
194.73083,17.40944,4.78
194.91458,-3.81194,5.79
195.13583,-33.50528,6.02
195.56750,-71.54889,3.62
195.06875,30.78500,4.90
195.14958,-3.36861,5.99
195.16167,18.37306,6.20
194.69708,75.47250,6.01
194.97958,66.59722,5.32
195.29000,17.12306,5.96
195.77167,-71.47611,6.03
195.18250,56.36639,4.93
195.54417,10.95917,2.83
195.88833,-49.52722,4.85
195.44500,63.61028,6.00
195.94208,-20.58306,5.58
196.20042,-41.19667,6.26
196.37833,-52.11500,6.43
196.56958,-48.46361,4.71
196.64625,-41.58861,5.59
196.72750,-49.90611,4.27
196.43542,35.79889,5.25
196.85083,-59.86056,5.99
196.46792,45.26861,5.63
196.58833,21.15333,5.99
196.59417,22.61611,5.60
196.20708,73.02528,6.31
196.90958,-53.45972,5.71
197.02917,-65.30639,5.51
196.59458,62.04194,6.14
196.79458,27.62472,4.80
196.97417,-10.74028,5.19
196.97333,27.55583,6.19
197.13542,-8.98444,5.55
197.26375,-23.11806,4.95
197.31000,-9.53833,6.32
197.30167,10.02222,5.78
197.43875,-10.32944,5.94
197.44917,16.84861,5.91
197.48750,-5.53889,4.38
197.41125,37.42306,6.02
197.74333,-52.56694,6.06
197.96500,-69.94194,5.91
197.42500,38.53389,6.28
197.49708,17.52944,5.22
197.49708,17.52944,5.22
197.78667,-42.23306,5.79
197.51333,38.49889,5.91
197.97125,-63.30278,6.33
197.84667,-43.36889,5.25
198.07250,-59.92083,4.60
198.57167,-78.44722,5.85
198.20375,-66.22694,5.90
197.91333,-26.55167,6.50
198.01333,-37.80306,4.85
198.23333,-59.81667,6.16
198.01458,-16.19861,5.04
198.21208,-42.69972,6.22
197.96833,27.87806,4.26
198.03500,24.25806,6.33
198.34792,-50.70000,5.89
198.13708,11.55611,5.77
198.55042,-58.68389,5.89
198.56167,-59.10333,4.92
198.36167,-18.82667,6.28
198.48958,-43.13889,6.16
198.30167,18.72694,6.11
198.81208,-67.89444,4.80
198.85708,-69.67972,6.37
198.54542,-19.93083,5.33
198.67958,-48.95667,5.89
198.42917,40.15278,4.92
198.63042,11.33167,5.67
198.79042,-36.37111,6.19
199.18667,-65.13833,6.07
198.99500,-19.94306,5.22
199.30417,-66.78361,4.87
198.88333,40.85528,5.79
199.22125,-31.50611,5.10
199.05958,19.05167,6.45
199.30792,-43.97944,5.84
198.10583,80.47139,6.25
199.13458,19.78528,6.45
199.19375,9.42417,5.22
199.82875,-72.03556,6.04
199.31500,13.67556,5.33
199.37458,-0.67667,6.37
199.40125,5.46972,4.80
199.64417,-51.28611,6.19
199.38542,40.57250,4.73
199.11917,68.40806,6.20
199.60125,-18.31139,4.74
199.73042,-23.17167,3.00
199.61583,34.09806,5.82
199.56042,49.68194,5.15
200.14542,-59.77333,6.18
199.76750,35.12806,6.02
200.15750,-52.74806,5.48
200.20125,-55.80056,6.02
200.14917,-36.71222,2.75
200.24042,-46.88056,5.77
200.71917,-72.14667,6.05
200.17333,2.94167,6.26
200.07917,40.15056,5.60
200.37458,-19.48889,6.21
200.64875,-60.97222,6.18
200.65792,-60.98833,4.53
200.56750,-52.18306,5.83
200.42333,2.08722,5.69
200.71958,-47.94306,6.16
200.76083,-48.56278,6.38
200.54042,5.15472,5.87
201.00208,-64.53583,4.53
201.27958,-74.88778,5.05
200.78625,-33.19000,6.22
200.75458,-17.73528,5.37
200.51583,43.90306,6.35
200.96792,-49.82306,6.48
200.82875,-4.92444,5.89
201.30792,-64.48528,5.31
201.45875,-70.62750,5.67
201.13833,-5.16389,5.75
200.97500,37.03389,6.07
201.12708,12.43194,6.44
200.98125,54.92528,2.27
200.98500,54.92167,3.95
201.29833,-11.16139,0.98
201.27792,23.85444,5.78
201.53250,-39.75528,5.09
201.54750,-1.19250,5.97
201.73375,-41.49806,5.69
201.77625,-49.14389,6.31
201.30625,54.98806,4.01
201.83667,-49.38083,6.28
201.68000,-12.70778,5.25
201.81125,-40.16306,6.40
202.19333,-69.62806,6.20
201.56917,46.02806,5.88
201.86333,-15.97361,4.76
202.28167,-64.67583,6.11
201.49958,63.26111,6.50
202.35500,-51.16528,5.06
202.10750,13.77889,4.98
201.53375,72.39139,5.79
201.99792,52.74583,6.34
202.10917,40.72972,6.47
202.31208,-1.36444,6.43
202.42833,-23.28139,4.97
202.30417,10.81833,5.65
203.31167,-77.56833,6.48
202.19042,50.71833,6.43
205.23125,-85.78611,5.58
202.11292,59.94583,5.40
202.50042,7.17889,6.17
202.60708,-6.47028,6.09
202.76125,-39.40750,3.88
202.88875,-28.11278,6.47
201.73625,78.64389,5.77
203.02208,-38.39917,6.16
203.39875,-65.63250,6.37
203.01167,-18.72889,6.01
202.99125,-6.25583,4.69
202.81583,42.10611,6.08
203.14958,-28.69278,5.69
203.14375,-29.56528,6.45
203.21542,-15.36306,5.55
203.24208,-10.16500,5.21
203.20042,24.34639,6.11
203.62042,-48.27222,6.33
203.68167,-33.31083,6.44
203.53292,3.65889,4.94
203.66875,-13.21444,5.91
203.67333,-0.59583,3.37
203.59083,38.78917,6.37
203.53042,55.34861,5.60
203.69917,37.18250,4.98
203.88042,-5.39611,5.73
203.61375,49.01611,4.70
204.30083,-61.69194,5.63
203.88875,10.20472,6.49
204.79958,-75.68389,6.34
204.21042,-34.46778,6.50
204.27500,-44.14333,5.98
204.69042,-70.44500,6.10
204.20167,-26.49500,5.78
204.34875,-46.42833,5.90
204.53167,-58.41500,6.42
204.24625,24.61333,5.74
204.70458,-57.62306,6.01
204.16583,49.48667,6.49
204.36500,36.29500,4.82
204.67500,-29.56083,5.83
205.04542,-64.57694,5.79
204.97167,-53.46639,2.30
204.42917,50.71472,6.48
204.99875,-49.95028,6.00
204.92000,-39.74806,6.27
204.95250,-40.05194,5.60
204.75958,18.26528,6.48
204.89417,10.74611,5.57
204.29583,71.24222,5.50
205.50458,-58.78722,5.38
205.43625,-54.56000,5.01
204.87667,52.92139,5.46
205.06500,31.01194,6.21
205.16875,19.95556,5.75
205.16292,28.06528,6.23
205.44042,-33.59694,6.05
205.09667,50.51944,6.32
205.25958,22.49583,5.62
205.40333,-8.70306,5.01
205.73375,-56.76806,6.00
205.72750,-50.79056,6.41
205.08875,57.20750,6.29
205.18458,54.68167,4.66
205.72917,-41.40111,5.98
205.55292,8.38833,6.16
205.91667,-42.06750,5.98
206.06625,-51.01306,6.47
205.76542,3.53806,5.36
205.62000,41.67417,6.30
205.68083,34.98889,5.98
205.37458,64.82250,5.85
205.93833,22.70028,6.13
206.12417,-16.17917,5.60
206.19042,-25.50083,6.21
206.40375,-26.11611,5.81
206.42167,-33.04389,4.23
205.97792,52.06444,6.02
206.39625,-15.76750,6.19
206.66375,-51.43278,4.65
206.48458,-12.42667,5.51
206.73500,-36.25194,5.15
206.86500,-50.24944,5.91
206.91000,-50.32111,5.45
206.30500,55.87944,6.50
206.80625,-9.70917,6.05
206.55625,41.08861,5.87
206.57917,38.50389,5.94
206.85583,-17.86000,5.43
206.68042,25.70222,5.95
206.73792,6.35056,6.33
205.66375,78.06444,5.91
206.81542,17.45667,4.50
206.74917,38.54278,5.50
206.64875,54.43278,5.70
208.91125,-82.66611,5.95
207.37625,-41.68778,3.41
206.88500,49.31333,1.86
207.36125,-34.45083,4.19
207.40417,-42.47389,3.04
207.94750,-69.40139,5.75
207.16125,31.19028,5.62
207.46792,-18.13417,4.97
207.52708,-29.08139,6.18
207.58083,-39.90111,6.44
207.36917,15.79778,4.07
207.42833,21.26417,4.91
205.59625,82.75250,5.98
207.43750,36.63278,6.38
207.60292,5.49722,6.01
207.94667,-46.89917,5.77
208.02000,-52.81167,5.25
207.90250,-36.43333,6.35
207.83500,-24.39083,6.45
207.95667,-32.99444,4.56
207.95875,-32.99472,6.06
208.00375,-31.61944,6.12
207.43958,61.48917,5.96
207.78833,34.66444,5.87
207.61542,58.53944,6.46
208.42958,-53.37361,5.89
208.70375,-67.65250,5.71
207.94792,34.44417,4.74
208.07667,12.16528,6.04
208.30208,-31.92778,4.73
208.38667,-35.66417,5.54
208.48708,-47.12806,6.10
208.46750,-35.31444,6.19
208.30375,17.93278,5.70
207.85792,64.72333,4.65
207.74667,68.31528,6.40
208.56917,-28.56972,6.04
208.29292,28.64806,5.90
208.80083,-52.16111,5.71
208.88500,-47.28833,2.55
208.67542,-1.50306,5.15
208.74250,-8.05889,6.19
209.08250,-54.13194,6.14
208.67125,18.39778,2.68
209.13750,-54.70444,6.00
208.46250,53.72861,5.70
209.08125,-46.59250,5.83
210.13667,-78.59000,6.09
209.41208,-63.68667,4.71
209.63000,-65.80056,6.20
208.95833,14.05639,6.16
209.11625,1.05056,5.91
209.04375,32.03250,6.32
209.36542,-23.02278,6.14
209.14250,27.49194,5.01
209.56792,-42.10083,3.83
209.67000,-44.80361,3.87
209.62958,-24.97222,5.15
209.82208,-50.37000,5.91
210.07208,-61.48139,6.49
210.21750,-66.26861,5.97
209.66625,14.64944,6.00
209.66208,21.69611,5.76
209.38375,61.49278,6.37
210.00042,-25.01028,5.77
209.95542,-3.54972,6.40
210.32917,-40.22222,6.13
210.43083,-45.60361,4.34
211.33250,-76.79667,5.50
210.33500,8.89472,5.99
210.29375,27.38667,6.23
210.41167,1.54444,4.26
210.59500,-27.43000,5.48
210.85917,-56.21361,5.92
210.95583,-60.37306,0.61
210.75708,-31.68389,6.18
210.86458,-41.42333,6.11
210.63250,9.68639,6.20
210.55083,45.75361,6.27
210.97125,-22.42167,6.30
210.88458,10.78667,6.30
210.90333,7.54639,6.26
210.98250,4.90083,6.24
211.06083,-5.38139,6.39
211.11250,-14.97167,6.28
211.44375,-54.66944,6.17
212.11292,-74.85028,6.02
210.74875,50.97194,6.15
211.60458,-59.71556,6.42
210.46083,68.67861,6.34
211.15625,2.29750,6.28
211.51167,-41.17972,4.36
211.54542,-43.09194,6.20
211.59292,-26.68250,3.27
211.67083,-36.37000,2.06
212.05958,-63.20806,6.40
211.67833,-9.31333,5.46
211.09708,64.37583,3.65
212.23458,-59.27667,6.34
212.62875,-70.30556,6.05
212.21625,-43.47111,6.17
212.75792,-69.71972,6.06
212.39583,-51.50472,6.00
212.47833,-53.43917,4.75
212.25250,-10.33444,6.47
211.98250,43.85444,5.27
212.07208,49.45806,5.25
212.71042,-16.30194,4.91
212.19167,59.33778,6.46
214.55750,-81.00778,4.91
212.59958,25.09167,4.83
211.73500,74.59361,6.45
214.22875,-77.66389,6.47
212.88000,1.36222,6.43
213.31833,-53.66583,5.56
213.10208,-24.36417,6.34
212.81292,32.29556,6.11
213.41625,-54.62583,6.11
213.19167,-27.26111,5.08
213.06583,2.40944,5.01
213.30500,-26.61222,6.24
213.22417,-10.27361,4.19
213.73750,-57.08583,5.07
213.42000,-0.84556,5.91
213.67750,-41.83750,5.61
213.83833,-53.50972,6.39
214.16083,-66.58778,5.75
212.21208,77.54750,4.82
213.58875,-5.94750,6.36
213.52167,12.95944,5.54
213.75542,-29.28194,6.08
213.91167,-45.00083,6.31
214.14250,-59.91389,6.39
216.09708,-82.84861,6.42
213.37083,51.79028,4.54
213.71167,10.10056,5.29
213.72083,3.33611,6.45
213.85042,-18.20083,5.43
213.67083,21.87333,6.39
213.01667,69.43250,5.24
213.59792,41.51889,6.24
215.59458,-80.10889,5.06
214.00375,-6.00056,4.08
216.72875,-83.66778,4.32
213.91542,19.18250,-0.04
214.08958,-6.62194,6.44
214.12542,-3.19639,6.15
214.01750,18.91194,5.98
214.26583,-18.58528,6.22
214.13667,20.12139,6.25
214.10083,39.74472,6.38
214.96458,-61.27306,5.23
214.04125,51.36722,4.75
214.09583,46.08833,4.18
214.36833,15.26333,5.80
214.50250,-7.54250,6.47
214.85083,-46.05778,3.55
214.65958,-18.71611,5.90
214.75333,-25.81556,5.87
214.84958,-37.00361,5.94
215.08125,-56.38667,4.33
214.77750,-13.37111,4.52
214.33792,51.30722,6.20
214.49917,35.50944,4.81
215.04042,-43.05889,5.56
214.45500,48.00167,6.32
215.17708,-45.18722,4.77
214.81792,13.00417,5.41
214.88542,-2.26556,5.14
215.13917,-37.88528,4.05
214.92042,0.38417,6.19
214.93833,16.30694,4.86
215.65417,-58.45944,4.92
214.94875,38.79389,6.33
215.03625,30.42917,6.44
215.66125,-48.32028,6.09
215.58208,-34.78694,5.56
215.83458,-50.77222,6.02
215.75917,-39.51222,4.42
216.27625,-68.19528,5.61
215.95167,-53.17667,6.00
215.77417,-27.75389,4.77
216.41458,-66.17333,6.36
215.85667,-11.71417,6.21
215.81375,1.24167,6.27
215.84458,8.44667,5.12
215.77833,25.33806,6.22
216.00375,8.24361,5.95
217.40333,-76.72917,6.07
216.20250,-24.80639,5.32
216.77958,-65.82167,5.85
216.04708,5.82000,5.10
216.17042,-11.66972,6.49
216.07625,8.08500,6.19
216.53417,-45.22139,4.56
216.54500,-45.37944,4.35
216.55583,-42.31917,6.32
216.44875,-26.85250,6.48
216.70792,-39.87389,6.35
216.80083,-46.13444,5.83
216.37167,38.39306,6.27
217.18125,-59.19778,6.45
216.29917,51.85083,4.05
216.61417,19.22694,5.39
216.85167,-6.12028,6.17
217.04333,-29.49167,4.97
217.81875,-67.71722,5.83
217.05042,-2.22806,4.81
217.17375,-6.90056,5.42
217.53583,-45.32167,5.50
217.58708,-49.51917,5.37
217.06833,36.19694,6.10
217.73542,-40.84500,6.39
217.46042,0.82889,5.94
217.79500,-38.86972,5.97
217.15750,49.84472,5.59
217.45708,31.79111,6.06
217.40333,41.79583,6.35
217.68917,4.77222,6.02
218.15375,-50.45694,4.42
218.38500,-54.99833,5.87
218.37458,-52.68000,5.87
218.29000,-30.71417,6.09
217.95750,30.37139,3.58
216.88125,75.69611,4.25
218.82167,-60.01583,6.40
218.08417,26.67722,6.01
218.13542,22.26000,5.92
218.01958,38.30833,3.03
217.69208,63.18556,6.09
217.92833,60.22556,6.27
218.71125,-20.43917,6.50
218.88125,-41.51722,5.87
218.87667,-42.15778,2.31
218.33458,36.95944,6.43
218.12875,55.39778,5.76
219.44292,-67.93222,6.04
219.07917,-46.24528,5.55
218.54875,32.53444,6.33
219.10083,-39.59722,6.13
218.67000,29.74500,4.46
218.66042,36.62583,6.03
219.18417,-40.21167,5.74
219.33375,-46.13389,5.41
218.56625,57.06528,6.48
218.66500,49.36833,5.74
219.47167,-49.42583,4.05
219.02875,23.25028,6.38
219.24917,-12.30528,6.20
219.58167,-38.79417,6.02
219.79583,-46.58417,6.07
219.85292,-49.05556,6.39
219.89958,-60.83528,-0.01
219.90042,-60.83556,1.33
220.13667,-56.44083,6.30
219.55833,18.29833,5.91
220.62667,-64.97528,3.19
219.55208,43.64194,5.70
220.48208,-58.61611,6.22
220.25583,-36.13500,5.67
219.56333,54.02333,5.85
219.70917,44.40444,5.39
220.48250,-47.38833,2.30
221.96500,-79.04472,3.83
220.49000,-37.79361,4.00
220.09125,21.97556,6.10
220.17667,13.53417,5.91
220.46292,-30.93333,6.37
220.18167,16.41833,4.94
220.18292,16.41778,5.88
220.28708,13.72833,4.83
220.28708,13.72833,4.43
218.40958,79.66028,6.26
220.41167,8.16167,4.86
220.43125,11.66056,5.56
221.32208,-62.87583,5.36
220.47583,21.12361,6.38
220.80667,-24.99750,5.73
220.91417,-35.17361,4.05
221.23125,-58.47778,6.11
220.76500,-5.65833,3.88
221.29542,-55.60194,6.10
221.24667,-35.19194,4.92
220.85583,26.52778,4.81
232.07958,-88.13306,6.48
220.51333,61.26194,6.25
220.93500,40.45917,5.73
221.62125,-47.44111,5.74
221.75542,-52.38361,5.21
221.29875,-1.41778,6.07
221.50042,-25.44306,4.94
221.80125,-52.20556,6.07
221.52833,-23.15306,5.81
222.18500,-66.59389,5.91
221.37583,0.71722,5.69
221.31042,16.96444,4.60
221.49083,-15.45972,6.33
221.54542,-21.17611,6.40
221.24667,27.07500,5.12
221.24667,27.07417,2.70
221.33625,18.88472,6.13
221.77125,-38.29083,5.94
221.88375,-43.55750,6.30
221.30708,32.78833,6.28
221.56208,1.89278,3.72
221.52500,15.13194,5.63
221.80708,-21.32472,6.06
221.84375,-25.62444,5.63
222.27875,-56.66778,6.23
221.93667,-26.08750,5.24
221.98958,-26.64639,5.77
221.97875,-12.83972,6.35
222.15875,-36.63472,6.04
223.30708,-73.19000,5.60
222.32792,-24.25167,5.68
222.22542,-0.84778,6.14
222.32958,-14.14889,5.31
222.09708,24.36667,6.14
225.46167,-83.22778,5.65
222.57208,-27.96028,4.41
223.14583,-63.81000,5.87
222.91000,-43.57556,4.32
222.27792,37.81111,6.16
222.67167,-15.99722,5.15
222.71958,-16.04167,2.75
222.49333,28.61583,5.80
222.32792,46.11611,5.74
222.56583,23.91194,5.85
222.75417,-2.29917,4.94
222.75042,-0.25722,6.18
222.42208,48.72056,5.69
223.67667,-65.99139,6.09
224.47042,-76.66278,5.34
222.62333,37.27194,5.48
223.13792,-30.57694,6.29
223.21292,-37.80333,5.03
222.84708,19.10111,4.55
226.19458,-83.03833,5.65
223.89417,-60.11417,5.20
225.04917,-77.16028,5.93
223.58375,-24.64222,5.30
223.65833,-33.30056,5.82
223.34708,15.70444,6.40
224.18333,-62.78083,5.11
222.86000,59.29389,5.46
223.34875,19.15278,6.01
223.59542,-11.89833,5.80
224.98333,-75.03250,6.20
224.07208,-52.80972,5.38
227.78458,-84.78750,5.91
223.93625,-33.85583,5.32
224.13333,-47.87917,5.64
224.14917,-39.41611,6.36
224.12875,-32.63667,6.06
222.67625,74.15556,2.08
224.19208,-11.40972,5.46
224.30667,-29.15778,6.29
224.53667,-48.86306,6.35
224.05500,14.44639,5.77
224.36667,-21.41556,5.74
223.99458,32.30028,6.12
224.29583,-4.34639,4.49
224.63292,-43.13389,2.68
224.65333,-39.90667,6.15
224.38875,-0.16750,5.53
224.26500,21.55528,6.49
224.29875,16.38833,5.71
224.79042,-42.10417,3.13
224.66333,-27.65722,5.65
224.80792,-37.88139,6.47
224.86292,-43.16000,6.10
224.09583,49.62861,5.63
224.72333,-11.14417,5.87
224.72000,-4.98917,6.09
224.84625,4.56778,5.93
225.30417,-38.05833,5.89
225.24333,-8.51889,4.92
225.49208,-34.35889,6.22
224.90375,39.26528,5.64
224.39583,65.93250,4.60
225.33250,-2.75500,5.52
225.52667,-28.06056,5.85
225.21833,22.04556,6.38
226.20083,-64.03167,5.17
225.45375,-0.14056,5.71
225.74708,-32.64333,5.44
222.58500,82.51194,5.64
225.16125,47.27778,6.37
225.52708,25.00806,4.81
225.72500,2.09139,4.40
225.48667,40.39056,3.50
226.01750,-25.28194,3.29
226.17875,-40.86139,6.41
226.28000,-47.05111,4.72
226.28000,-47.05111,4.82
226.32958,-41.06722,5.15
225.36292,60.20444,5.93
225.77542,35.20583,5.51
226.02667,5.49250,6.50
226.98667,-65.27556,6.17
226.55792,-36.26417,6.27
226.11125,26.94750,4.54
226.85792,-49.08833,5.77
225.94750,47.65444,4.76
226.63875,-30.91889,5.96
226.61292,-22.03194,6.17
227.37458,-67.08417,5.76
226.65667,-16.25694,5.20
227.35625,-63.64278,6.28
227.05042,-40.58389,5.79
227.16292,-42.86778,5.85
227.21083,-45.27972,4.05
226.35750,48.15111,5.57
228.14083,-72.77028,6.01
225.99083,65.91972,6.13
226.64625,36.45556,6.35
226.91792,5.49806,6.16
227.68583,-61.42250,6.30
226.83500,18.44167,6.02
226.82542,24.86917,4.93
226.56958,54.55639,5.25
227.53125,-38.79250,5.98
227.81667,-55.34611,5.54
227.09917,26.30111,5.67
227.22250,13.23500,6.10
227.14792,25.10861,5.81
227.57750,-26.33278,5.76
227.89542,-45.27750,6.44
228.57958,-70.07944,5.81
228.25417,-61.74389,6.32
227.98375,-48.73778,3.87
227.99000,-48.74361,5.69
227.08125,50.05500,6.39
228.07125,-52.09917,3.41
228.13042,-48.21861,6.33
228.20625,-44.50056,4.82
228.05542,-19.79167,4.54
228.28083,-36.09139,6.10
228.01792,18.97583,5.89
228.32292,-24.00833,6.47
228.33000,-19.64750,6.08
228.36958,-25.30917,6.45
228.47208,-26.19361,5.84
228.65542,-31.51917,4.91
229.15167,-60.90389,5.73
228.64042,-17.76861,6.17
228.97417,-48.07417,5.95
229.23625,-60.95750,5.09
228.38292,22.98333,6.30
229.41208,-63.61056,4.86
229.01667,-41.49111,5.16
229.04375,-43.48472,6.04
228.71125,-5.50278,6.28
229.37833,-58.80111,4.07
229.72750,-68.67944,2.89
227.68375,67.78139,6.17
228.39833,38.26472,6.20
228.52542,31.78806,5.99
228.79750,4.93944,5.33
228.62167,29.16417,5.26
228.54292,42.17139,6.13
229.09583,-22.39944,5.50
228.95458,0.37222,5.63
229.70375,-60.49639,5.46
228.87583,33.31472,3.47
229.53917,-41.06083,6.28
229.63333,-47.87500,4.27
230.16958,-67.48139,6.28
229.25167,-9.38306,2.61
229.45792,-30.14889,4.34
229.73500,-40.78833,5.59
229.67208,-31.20944,6.18
229.88167,-37.09667,6.20
229.60917,-0.46139,5.89
228.65958,67.34667,5.13
229.60208,20.57278,5.70
229.82833,1.76528,5.06
230.34292,-40.64750,3.22
230.39708,-40.74972,6.20
230.37542,-38.21917,6.48
230.53458,-47.92778,5.00
230.45083,-48.31778,5.65
230.79333,-60.65694,5.67
230.22375,-18.15861,6.17
229.87583,32.51528,6.32
230.25583,-15.54833,6.30
230.84458,-59.32083,4.51
230.45167,-36.26139,3.56
230.19625,-2.41333,6.35
230.28167,-5.82472,5.54
230.67042,-44.68944,3.37
230.03542,29.61611,5.51
230.25833,0.71528,5.35
230.27875,24.95778,6.39
230.78917,-36.85861,4.54
231.56125,-68.30917,5.89
229.27458,71.82389,5.02
230.02167,51.95861,5.66
230.17333,44.43417,6.19
230.59667,12.56750,6.28
230.45250,32.93389,5.37
231.18708,-39.71028,5.37
230.96750,-12.36944,5.72
230.93208,-1.02250,6.12
231.04958,-10.32222,4.94
231.33417,-38.73361,4.60
231.88792,-64.53139,5.71
230.65583,39.58139,5.50
230.80125,30.28778,5.58
230.80125,30.28778,6.08
235.82000,-84.46528,5.57
232.87833,-73.38944,5.49
230.65542,62.04722,5.98
231.02125,45.27111,6.01
231.12250,37.37722,4.31
231.12875,37.34778,6.50
230.18208,71.83389,3.05
231.82583,-36.76778,5.45
230.66000,63.34139,5.79
232.11333,-51.59750,6.10
231.44750,15.42806,5.17
231.47208,19.48083,6.27
231.57250,34.33583,5.46
232.35125,-46.73278,5.24
232.06417,-16.71639,5.64
231.23250,58.96611,3.29
231.91208,25.10167,6.02
232.15917,1.84222,5.17
231.95708,29.10583,3.68
231.63542,54.02000,6.45
232.65125,-20.72833,6.22
232.66833,-16.60944,5.82
233.01833,-38.62306,6.25
232.18542,47.20139,6.15
232.95958,-32.88111,6.46
231.92000,62.27556,6.50
231.96417,60.67028,5.90
232.93083,-20.16472,6.22
234.82625,-77.91806,6.18
232.23667,55.19500,6.43
232.59458,31.28611,6.46
232.61625,36.80417,6.37
233.15292,-19.67056,5.52
232.73250,40.83306,5.02
233.23000,-16.85278,5.50
233.50667,-40.06611,5.82
232.33833,62.09972,6.38
232.84333,36.61639,6.38
233.04042,16.05611,6.22
234.18000,-66.31694,4.11
233.24125,-1.18639,5.51
233.58708,-39.34944,6.36
232.94583,40.89944,5.02
233.65542,-28.04694,5.15
233.78542,-41.16694,2.78
233.54458,-10.06444,4.62
233.23250,31.35917,4.14
233.61083,-9.18333,5.17
233.97167,-44.95861,4.54
235.08833,-73.44667,5.65
233.47000,17.13778,6.45
234.05042,-44.39694,5.43
232.73208,64.20861,5.79
235.47750,-76.08194,5.95
233.88167,-14.78944,3.91
233.70042,10.53750,3.80
233.70042,10.53917,3.80
234.04750,-33.09278,6.24
235.04792,-70.22778,6.44
233.67208,26.71472,2.23
234.25625,-28.13500,3.58
233.88833,17.65556,6.12
233.97250,11.26556,6.07
234.51333,-42.56750,4.33
234.70625,-52.37278,5.44
233.81250,39.01000,5.11
234.36875,-26.28000,6.19
234.12333,10.01000,5.26
234.98542,-59.90833,5.95
234.12208,16.11889,5.93
234.45042,-23.14167,5.78
234.67625,-39.12806,6.04
233.95542,38.37389,6.42
234.56542,-28.20667,6.32
234.56792,-21.01611,5.84
233.81792,53.92194,5.97
234.66417,-29.77778,3.66
234.72708,-19.30194,5.38
234.66667,-8.79444,6.50
234.66708,-8.79111,6.48
233.98792,54.63056,5.74
234.83875,-23.15028,6.34
234.94167,-34.41194,4.67
235.24292,-47.73556,6.23
235.06417,-31.21361,6.34
234.45667,40.35333,5.24
235.07042,-23.81806,4.96
235.29708,-44.66111,4.64
232.85375,77.34944,4.96
234.70375,34.67500,6.11
234.38333,54.50889,5.87
234.56750,46.79778,5.75
235.04333,12.05306,6.25
235.65500,-49.48944,6.04
234.84250,36.63667,6.00
234.84458,36.63583,5.07
234.64292,50.42333,5.84
235.97958,-60.28722,6.48
235.65958,-37.42500,5.24
235.48667,-19.67889,4.74
235.67083,-34.71056,4.75
235.24667,16.02472,6.01
234.78958,57.92444,6.45
235.38792,19.67028,4.52
235.44750,12.84750,5.33
234.41292,69.28333,5.62
235.47792,18.46389,5.81
236.09417,-41.81944,5.94
235.85375,-15.04333,6.31
236.01833,-15.67278,5.41
235.68583,26.29556,3.84
235.79417,13.66778,6.48
236.97333,-65.44250,6.18
236.97375,-65.44250,6.39
236.00750,2.51500,5.88
236.06708,6.42556,2.65
235.99708,32.51583,5.56
235.71125,52.36083,5.51
236.17542,17.26417,6.14
236.34792,5.44694,5.58
236.68417,-34.68250,5.61
236.41542,0.89139,6.33
236.85583,-40.19417,6.42
236.52333,-1.80444,5.40
236.87083,-37.91639,6.01
237.20958,-52.43806,6.07
236.68917,-6.12028,6.24
236.54708,15.42194,3.67
236.61083,7.35306,4.43
237.52875,-53.20944,5.77
236.82208,14.11528,5.71
237.48958,-48.91194,5.84
237.56792,-45.40167,6.12
237.77833,-55.05583,5.73
237.05542,13.78861,6.00
237.23667,-3.81861,5.53
237.00833,31.73583,6.44
236.64500,55.47472,5.92
237.18500,18.14167,4.09
237.14333,28.15667,5.85
237.40500,-3.43028,3.53
237.88125,-47.06056,6.01
237.73958,-33.62722,3.95
238.34500,-62.60694,6.19
237.74458,-25.75139,4.64
236.66667,62.59944,5.19
236.90833,55.37667,5.86
237.57292,2.19639,5.23
237.39875,26.06833,4.63
238.87333,-68.60306,5.09
237.70417,4.47778,3.71
238.05333,-29.88667,6.40
237.67375,15.13361,5.20
237.81500,-3.09056,5.11
237.91000,-14.13361,6.19
238.78542,-63.43056,2.85
238.71917,-60.74333,6.15
237.81625,20.97778,4.76
238.88458,-60.17778,5.77
237.80792,35.65750,4.82
238.33375,-20.16722,5.03
236.01458,77.79444,4.32
238.40292,-25.32722,4.59
239.02500,-60.48278,5.76
238.47417,-24.53306,5.39
238.48250,-23.97806,5.42
238.45625,-16.72944,4.15
238.23417,17.40361,6.36
238.62500,-27.33861,6.14
238.30042,13.19667,6.10
238.66458,-25.24361,5.87
238.39542,16.07500,6.09
238.16875,42.45167,4.62
238.75125,-19.38306,5.94
238.87667,-31.08361,6.21
238.87542,-26.26583,5.62
239.02708,-39.86417,6.03
238.66792,8.58028,6.29
239.74208,-65.03778,5.75
239.26583,-48.16222,6.31
238.06917,55.82667,5.81
239.05792,-31.78583,6.29
238.64417,20.31083,5.44
239.22292,-33.96639,5.12
239.22583,-33.96417,5.62
239.06000,-14.39944,6.37
239.22125,-29.21417,3.88
239.33875,-36.18500,5.80
239.13917,-14.82917,6.13
238.91583,18.62056,6.26
238.65792,43.13861,5.37
239.11333,15.66167,3.85
239.41833,-20.98306,5.85
239.62792,-37.50306,6.31
238.94833,37.94694,5.45
239.97500,-54.02111,6.10
238.87750,42.56611,5.75
240.29458,-63.77667,6.41
239.31083,14.41444,5.54
239.54750,-14.27944,4.88
239.64500,-24.83139,5.43
239.87625,-41.74444,4.99
239.71292,-26.11417,2.89
239.99167,-40.65278,6.49
240.27667,-54.57778,6.13
239.39708,26.87778,4.15
240.03042,-38.39694,3.41
238.95708,58.91167,6.31
239.37458,39.69528,6.31
240.71833,-62.54167,6.25
240.22375,-40.43528,6.21
240.08333,-22.62167,2.32
240.08167,-16.53333,5.47
241.48250,-72.40083,5.70
240.33125,-31.88944,6.33
239.74042,36.64389,5.62
239.87583,25.92028,2.00
240.19833,-8.41139,5.55
239.44750,54.74972,4.95
240.88292,-57.77528,4.63
240.80375,-49.22972,4.65
240.21292,4.42750,5.83
239.76833,49.88111,6.05
240.66417,-29.13583,6.03
240.30958,17.81833,5.12
240.85083,-38.60250,4.89
240.26125,33.30361,5.41
240.83583,-25.86528,5.00
240.89292,-32.00056,6.01
240.36083,29.85111,4.99
240.57375,22.80444,4.83
240.97792,-24.72639,6.21
241.07417,-33.21444,6.10
241.15292,-37.86306,5.90
240.94042,4.98667,6.08
241.09208,-11.37306,5.07
241.09208,-11.37306,4.77
241.85000,-56.19139,6.16
241.62250,-45.17333,4.72
240.52292,52.91583,5.93
240.69958,46.03667,4.76
240.83083,36.63167,5.83
241.35917,-19.80556,2.62
241.36042,-19.80194,4.92
240.47208,58.56528,4.01
241.64792,-36.80222,4.23
241.52625,-23.60639,5.92
241.49917,-6.13944,6.41
241.81833,-36.75556,5.73
241.40750,8.09611,6.29
241.70167,-20.66917,3.96
242.32750,-57.93444,5.57
240.78875,59.41083,6.19
241.76417,-14.07083,6.32
241.85125,-20.86861,4.32
241.96625,-24.46194,6.33
242.03167,-26.32667,5.38
241.90167,-12.74556,5.78
242.18208,-23.68556,5.88
241.90625,9.89167,5.63
241.84250,21.82250,6.14
242.38208,-32.64972,6.19
242.46917,-33.54583,5.54
242.01875,17.04694,5.00
242.02042,17.05444,6.25
242.11667,8.53417,5.73
242.24542,3.45444,5.91
242.48000,-18.34083,6.47
242.19417,17.20583,6.14
242.29667,6.37889,5.97
242.82375,-41.11972,5.86
242.46042,-3.46694,5.37
242.75833,-29.41639,5.13
242.24292,36.49083,4.76
243.34417,-55.54083,5.81
245.08667,-78.69583,4.68
245.11167,-78.66722,5.27
243.32000,-53.67167,5.83
242.19250,44.93500,4.26
243.36958,-54.63056,4.94
241.58208,67.81028,5.44
242.99417,-19.44972,6.30
242.99875,-19.46056,4.01
243.07583,-27.92639,4.59
243.06625,-28.41750,5.67
243.85958,-63.68556,3.85
243.00000,-10.06417,4.94
243.03042,-8.54750,5.43
240.88042,76.79361,5.56
242.86958,16.66556,6.08
242.26208,57.93778,6.33
244.27292,-67.94139,5.75
242.35833,55.82889,6.49
242.90833,23.49472,5.70
243.95708,-57.91222,5.63
243.23542,-4.22083,6.25
243.44042,-24.42194,6.41
242.91542,33.34250,6.29
243.59292,-33.01139,5.92
243.81375,-47.37222,5.14
242.95000,36.42500,5.63
243.31417,5.02111,5.48
243.46208,-11.83750,5.22
243.85000,-42.89972,6.14
242.94833,42.37444,5.87
243.62000,-21.10750,6.41
243.18875,26.67083,6.50
243.66292,-18.53528,6.32
243.72333,-25.47694,6.05
244.17958,-53.81111,5.44
243.58625,-3.69444,2.74
243.55625,5.90194,6.31
244.25375,-50.06833,4.99
244.33708,-53.08667,6.33
243.90542,-8.36944,5.50
243.96458,-14.84917,6.09
244.71625,-57.89972,6.49
243.67000,33.85861,5.64
243.86958,18.80833,5.69
244.23042,-3.95333,6.18
243.94750,27.42222,6.14
243.10458,67.14417,6.21
244.57458,-28.61389,4.78
244.82375,-42.67389,5.45
244.96000,-50.15556,4.02
245.10500,-55.14000,5.77
244.18667,29.15028,5.78
244.58042,-4.69250,3.24
244.78208,-20.21778,6.29
244.88625,-30.90667,5.49
244.75167,-14.87250,5.94
242.70625,75.87750,5.48
245.13583,-39.43083,6.12
245.15917,-24.16944,4.55
243.13417,75.21056,6.39
245.61667,-49.57222,5.33
245.29708,-25.59278,2.89
245.62042,-43.91222,5.88
244.31375,59.75500,5.40
245.01792,21.13250,6.05
243.63958,73.39500,5.98
246.34167,-63.12472,6.15
244.79667,49.03806,5.91
244.97958,39.70861,5.46
244.93500,46.31333,3.89
245.51833,1.02917,4.82
246.00542,-39.19306,5.40
245.48000,19.15306,3.75
245.66208,-2.07972,6.23
245.98625,-33.19944,6.47
247.11708,-70.08444,4.91
246.22583,-45.34917,6.33
246.13208,-37.56583,5.42
244.53917,68.55444,6.41
248.36250,-78.89722,3.89
245.52417,30.89194,4.85
246.02583,-20.03750,4.50
246.16542,-29.70472,5.84
245.58917,33.79917,5.20
245.62167,33.70361,5.39
246.98875,-64.05806,5.27
245.73542,32.33306,6.40
246.04500,6.94806,5.85
246.39667,-23.44722,5.02
246.39625,-23.44611,5.92
247.06333,-58.59972,5.69
246.79625,-47.55500,4.47
244.37625,75.75528,4.95
246.35417,14.03333,4.57
246.75583,-18.45639,4.42
247.43750,-57.75583,6.06
246.54792,11.40750,6.11
247.06125,-37.17944,5.79
246.35083,37.39389,5.54
246.70875,2.34750,6.07
247.70583,-61.63361,5.20
245.45292,69.10944,5.25
246.10542,55.20500,5.74
246.93125,-7.59806,5.23
246.95042,-8.37167,4.63
245.94583,61.69667,5.67
247.42625,-46.24333,5.35
245.99792,61.51417,2.74
247.35167,-26.43194,0.96
248.58042,-70.98806,5.50
247.14167,0.66500,5.39
247.20375,-8.12889,6.48
255.24375,-86.36444,6.04
247.44542,-14.55083,5.68
247.55167,-25.11500,4.79
247.92375,-41.81694,5.33
247.84542,-34.70444,4.23
247.62458,-7.51500,6.50
247.84500,-26.53778,6.10
247.16042,41.88167,5.04
247.78458,-16.61278,4.28
247.55500,21.48972,2.77
247.72833,1.98389,3.82
247.18083,51.40778,6.29
248.93667,-65.49528,5.52
247.64000,20.47917,5.25
248.03417,-21.46639,4.45
247.80583,22.19528,5.76
248.52083,-44.04528,4.94
247.52500,48.96083,6.45
247.76167,35.22500,6.25
248.14875,5.52111,5.63
248.15125,11.48806,4.84
248.78292,-45.24472,6.46
246.99583,68.76806,5.00
247.94708,45.59833,5.65
250.76917,-77.51750,4.24
249.09375,-42.85889,5.47
248.97083,-28.21611,2.82
249.09375,-35.25556,4.16
249.71958,-60.99028,6.18
248.52583,42.43694,4.20
248.85958,17.05722,6.41
248.10708,60.82333,5.94
249.08958,-2.32472,5.75
250.34708,-68.29611,5.91
246.42958,78.96389,5.56
249.60917,-43.39861,5.83
249.28958,-10.56722,2.56
249.17917,15.49806,6.30
250.21042,-60.44611,6.18
249.77167,-37.21750,5.91
249.50667,-6.53806,6.09
247.86708,72.61194,6.30
249.45000,13.68694,6.31
250.84208,-67.43250,6.03
249.04667,46.61333,5.79
249.04792,52.90028,5.53
249.05708,52.92444,5.08
250.33458,-48.76306,5.65
250.41750,-49.65167,5.65
249.91292,-9.55444,6.35
250.14375,-20.40861,6.26
247.66167,77.44667,6.34
250.43958,-33.14639,5.87
250.40083,-24.46806,6.09
250.16125,4.21972,5.77
250.39333,-17.74222,4.96
250.76417,-46.07056,6.23
249.22917,63.07278,6.16
249.50167,56.01556,5.29
249.68708,48.92833,4.90
250.29792,-1.00056,6.24
250.47375,-19.92444,5.57
250.21417,12.39500,6.08
251.66667,-67.10972,5.13
250.42708,1.18111,5.74
250.93958,-41.11889,6.20
251.16583,-53.15250,5.96
250.25250,24.85861,6.06
250.97458,-41.11306,6.12
250.94833,-38.15667,6.05
250.91125,-32.10611,6.46
250.32167,31.60306,2.81
250.40292,26.91694,5.92
251.17750,-40.83972,5.71
251.58833,-58.50361,5.74
252.16625,-69.02778,1.92
251.25083,-28.50972,6.02
251.83125,-58.34139,5.58
250.72417,38.92222,3.53
251.69917,-39.37722,5.48
250.96542,34.03889,5.99
250.22958,64.58917,4.83
251.37375,1.02028,6.03
250.74333,55.69028,6.16
251.34375,15.74528,5.56
251.45792,8.58250,5.15
252.44625,-59.04139,3.76
251.29875,43.21722,6.05
253.07250,-67.68194,6.32
251.79083,2.06444,6.10
252.97458,-65.37556,6.13
251.94333,5.24667,5.24
252.11250,-14.90944,6.03
252.64958,-50.04556,6.47
251.32417,56.78194,4.85
249.47042,78.91833,6.32
252.03708,13.59056,6.35
252.36583,-15.66750,6.10
252.54083,-34.29333,2.29
251.83250,42.23889,5.87
252.45833,-10.78306,4.65
252.74917,-37.51444,6.11
252.89042,-41.23056,5.22
252.39417,13.26139,5.91
252.96750,-38.04750,3.08
252.59292,-2.65389,6.32
253.07958,-41.85444,6.49
252.58083,7.24778,5.49
253.50208,-57.90944,5.94
253.08375,-38.01750,3.57
253.85292,-63.26972,6.02
252.30917,45.98333,4.82
252.85375,1.21611,5.51
252.41875,43.43056,6.13
253.42708,-43.05083,5.96
252.66250,29.80667,5.72
252.67958,32.55361,6.13
253.50750,-41.80639,5.45
253.49500,-41.99472,6.32
253.49875,-42.36222,4.73
253.54917,-41.85028,6.45
252.65042,41.89667,6.29
253.61208,-42.47889,5.88
250.77500,77.51417,5.98
253.35500,-20.41556,5.88
252.93875,24.65639,5.04
253.64583,-42.36139,3.62
253.74333,-41.15111,5.77
253.65000,-30.58722,6.35
254.03708,-50.67500,6.33
254.11958,-52.28389,5.94
254.89083,-69.26833,5.79
253.54417,-1.61222,6.25
253.24208,31.70167,5.32
253.64875,-6.15389,5.25
253.50208,10.16528,4.38
253.99083,-33.50722,6.37
254.15000,-40.82361,6.15
254.00750,-16.80611,6.37
254.65500,-55.99028,3.13
253.32333,47.41694,6.00
253.73000,20.95861,5.41
254.29625,-33.25944,5.48
254.57500,-50.64111,5.55
253.81667,13.61972,6.34
254.20000,-23.15000,5.58
253.75875,25.73056,6.08
253.84250,18.43333,5.35
254.26667,-19.54000,6.27
254.89625,-53.16056,4.06
254.35875,-10.96333,6.19
255.02583,-54.59694,5.65
254.71833,-37.62111,6.09
254.41708,9.37500,3.20
255.11292,-48.64778,6.00
254.38333,13.88417,6.37
255.44750,-58.95833,6.11
254.37917,25.35278,6.28
254.42625,24.38139,6.32
254.99000,-25.09194,5.86
255.03958,-24.98917,5.75
255.15375,-35.93417,5.97
255.44208,-51.13083,6.45
254.45917,42.51250,6.34
255.78667,-53.23694,5.29
254.00708,65.13472,4.89
255.46958,-32.14361,5.03
255.26500,-4.22250,4.82
254.10500,65.03917,6.41
256.10292,-57.71222,5.73
255.46333,-18.88556,6.26
251.49208,82.03722,4.23
255.92375,-47.16000,6.06
255.07250,30.92639,3.92
255.24208,22.63222,5.65
255.38750,14.94944,6.31
255.96167,-38.15222,5.91
255.49625,8.45056,6.33
254.83958,56.68861,6.03
256.27208,-45.50167,6.28
255.40167,33.56833,5.25
255.57792,25.50556,5.75
256.20583,-34.12278,4.87
254.07000,73.12778,6.30
255.57167,31.88472,6.36
255.78250,14.09194,4.98
256.45250,-44.10500,6.19
256.18875,-20.49472,6.30
255.91375,13.60528,5.93
255.99167,13.56750,6.08
255.96958,19.69056,6.35
256.58458,-37.22750,5.98
254.76083,69.18639,6.40
256.61833,-35.45111,6.13
255.31958,60.64917,6.13
256.32042,0.70250,6.01
256.54917,-21.56472,6.30
255.97292,34.79028,6.04
256.17208,19.59917,6.17
256.38458,-0.89194,5.64
256.72167,-26.51306,6.29
256.34458,12.74083,4.91
257.52625,-61.67556,6.39
258.08250,-70.72111,6.22
256.54042,9.73333,6.37
256.55458,10.45417,6.37
255.56375,64.60056,6.10
256.72042,-1.65639,6.38
256.27083,43.81222,6.43
256.20750,48.80417,6.09
256.57542,22.08417,5.56
257.06208,-17.60917,5.99
257.19792,-30.40361,5.97
257.05667,-1.07944,6.06
258.32292,-67.19667,5.89
256.33250,54.47028,5.83
256.33208,54.47028,5.80
257.67625,-44.55750,5.08
257.22708,-3.88278,6.36
259.14833,-74.53306,6.25
257.91208,-48.87417,5.84
257.45000,-10.52333,5.56
256.94458,40.51611,6.34
257.00833,35.93528,5.39
257.59458,-15.72472,2.43
255.41750,75.29722,6.21
258.03833,-43.23917,3.33
258.06750,-39.50694,5.67
258.06875,-38.82222,6.30
257.07125,50.84222,6.46
258.55500,-56.88833,6.09
258.10417,-27.76194,6.14
257.38875,40.77722,5.08
258.24458,-32.43861,6.01
257.93833,7.89472,6.33
257.76333,24.23778,6.19
258.11583,10.58528,5.33
257.62750,52.40889,6.29
257.19667,65.71472,3.17
258.83042,-33.54833,5.53
258.89958,-38.59389,5.96
257.91750,49.74667,6.04
258.83750,-26.60278,5.11
258.83667,-26.60139,5.07
258.96458,-30.21056,6.21
258.83458,-14.58389,5.99
259.08958,-35.74944,6.12
258.66208,14.39028,3.48
258.66333,14.39000,5.39
259.80167,-59.69444,5.91
259.26542,-32.66278,5.55
258.75792,24.83917,3.14
260.52458,-70.12333,5.41
259.05917,2.18611,6.17
259.17833,-6.24500,6.09
259.13208,1.21056,5.88
259.15292,-0.44528,4.73
259.76333,-46.63389,5.48
260.49750,-67.77056,4.78
258.76167,36.80917,3.16
258.92333,23.74278,5.96
259.70000,-44.12972,5.76
258.13583,62.87444,5.56
259.58500,-32.55333,6.36
259.87625,-50.06333,6.27
259.50292,-24.28694,5.20
259.73833,-34.98972,5.91
259.58000,-16.31194,6.43
262.86375,-80.85917,5.88
259.39958,23.09083,6.45
259.33125,33.10000,4.82
259.52083,17.31806,6.00
259.65417,10.86444,5.03
259.97208,-17.75639,6.02
259.41792,37.29167,4.65
260.72917,-58.01028,5.88
259.99792,-5.91722,6.32
261.00458,-62.86417,5.70
260.77875,-56.52528,5.80
259.70208,28.82306,5.65
259.59708,38.81139,5.94
260.25083,-21.11278,4.39
260.20708,-12.84694,4.33
261.07792,-60.67361,5.77
259.12250,60.67056,6.32
260.21958,-10.69611,6.46
260.66417,-37.80500,6.41
260.81708,-47.46833,5.25
260.07875,18.05722,5.00
260.50250,-24.99944,3.27
260.65833,-35.91000,6.47
260.04083,25.53750,5.38
260.72875,-37.22056,5.93
260.22583,24.49944,5.12
260.16500,32.46778,5.39
260.84000,-28.14306,5.35
261.05417,-44.16250,5.12
261.32500,-55.53000,2.85
261.34833,-56.37750,3.34
260.38917,16.73083,6.35
260.08792,46.24083,5.59
260.71375,-2.38833,6.29
260.38000,28.75806,6.35
260.14000,48.18833,6.43
261.50000,-50.63361,5.23
260.43167,39.97444,5.51
261.26125,-34.69639,6.16
262.03208,-63.03639,6.24
261.17500,-21.44167,5.85
261.15458,-18.44583,6.21
261.27583,-24.24361,6.19
261.73458,-51.94917,6.19
260.99000,8.85278,5.77
261.71458,-45.84361,5.29
261.80167,-50.63028,5.92
260.43917,53.42056,5.67
261.02750,22.96028,5.74
261.13125,16.30111,5.71
261.14083,15.60611,6.35
261.99000,-52.29722,5.75
260.91958,37.14667,5.47
260.92083,37.14583,4.52
261.59250,-24.17528,4.17
262.16125,-55.16972,5.94
261.00917,38.58278,6.49
261.49125,-1.65167,6.44
261.73000,-25.94333,6.44
261.11292,36.95194,6.28
261.83875,-29.86694,4.29
261.65792,-5.08667,4.54
261.90625,-29.72444,6.00
261.47667,16.91750,5.98
261.75875,-12.51250,6.21
261.57917,7.59556,6.06
261.62875,4.14028,4.34
261.50375,26.87889,6.41
262.77458,-60.68389,3.62
262.23375,-36.77833,6.02
261.70458,20.08083,5.54
262.35708,-38.51667,6.39
262.00958,-8.20833,6.37
262.84583,-56.92056,5.95
261.69250,34.69583,5.94
262.20708,0.33056,5.44
262.69083,-37.29583,2.69
261.68417,48.26000,5.85
262.96042,-49.87611,2.95
261.42208,60.04833,5.65
262.44750,-5.91972,6.37
262.95458,-46.03639,6.03
262.59917,-1.06250,5.31
262.94750,-33.70278,6.44
261.25083,67.30639,6.43
262.85417,-23.96278,4.81
262.93500,-26.26972,6.05
262.59333,11.92500,6.39
263.10208,-34.27972,6.17
263.28083,-41.17361,5.84
262.83875,2.72444,5.59
263.89542,-59.84611,6.28
262.68458,26.11056,4.41
263.40208,-37.10389,1.63
262.73083,31.15833,5.61
259.90417,80.13639,5.72
263.83333,-53.35278,6.10
262.66792,38.88222,6.43
263.06250,11.93028,6.42
262.95667,28.40750,5.62
263.37458,-5.74472,5.62
263.67708,-32.58167,5.70
262.60833,52.30139,2.79
263.91500,-46.50556,4.59
263.92917,-37.44000,6.48
262.68250,57.87639,6.40
263.34500,19.25667,5.64
263.41417,16.31750,5.69
263.42833,14.84167,6.48
263.69333,-11.24194,5.55
264.13667,-38.63528,4.29
264.36333,-50.06000,5.93
263.65292,9.58667,5.81
264.52333,-54.50028,5.25
263.28042,41.24361,5.74
263.61333,16.50389,6.40
270.39208,-85.21472,6.45
264.33000,-42.99778,1.87
263.04417,55.18417,4.88
263.06667,55.17306,4.87
263.73375,12.56000,2.08
264.36167,-38.06556,6.26
264.53542,-42.88056,6.10
263.99833,20.99611,6.10
263.38208,57.55889,6.17
264.39667,-15.39861,3.54
264.40083,-15.57111,5.94
263.92667,37.30167,6.10
264.03292,28.18472,6.38
266.08208,-72.22083,6.49
262.99125,68.13500,5.05
264.46125,-8.11889,4.62
264.53958,-10.92639,5.75
265.09833,-49.41556,4.77
264.15292,30.78528,6.02
264.37958,24.31000,5.77
265.31792,-46.92194,5.79
263.74792,61.87500,5.23
264.15667,48.58556,5.37
264.78542,2.02806,6.26
265.51625,-50.51056,6.24
264.74083,13.32917,6.12
265.04917,-2.15250,6.19
264.70708,32.73944,6.37
265.62208,-39.03000,2.41
265.35375,-12.87528,4.26
266.43333,-64.72389,3.62
265.71250,-36.94583,5.54
264.98958,31.20250,6.03
266.03625,-51.83417,5.15
266.23250,-57.54528,6.01
265.77875,-33.05111,6.40
264.86625,46.00639,3.80
265.29583,15.17806,6.34
265.38458,6.31278,5.95
265.17167,31.28750,6.28
265.27292,24.51333,6.36
265.82417,-27.88417,6.36
265.49458,15.95194,5.52
265.85750,-21.68333,4.87
264.23792,68.75806,4.80
266.17500,-42.72889,5.87
264.16542,69.57083,6.42
265.95250,-13.50861,6.39
265.94583,-7.07944,6.30
265.61833,24.56417,5.52
265.86833,4.56722,2.77
265.84167,14.29500,6.24
264.28667,72.45583,5.86
265.34083,51.81806,5.99
265.84000,24.32778,5.71
266.14167,2.57944,6.17
266.07208,14.41028,6.19
265.77333,44.08444,6.34
266.78042,-38.11167,6.43
267.15875,-55.40167,6.11
266.89625,-40.12694,3.03
266.89000,-27.83083,4.54
266.94000,-22.47806,6.18
265.99708,53.80167,5.75
266.41792,31.50472,6.23
266.90333,-14.72583,5.94
267.11583,-26.97500,6.35
267.61750,-53.61222,5.92
266.61458,27.72056,3.42
267.89792,-60.16444,5.78
266.78333,17.69722,5.72
267.29375,-31.70333,4.83
266.97333,2.70722,3.75
267.46458,-37.04333,3.21
267.54667,-40.09056,4.81
267.79583,-53.13056,6.09
267.08417,3.80417,6.22
268.32667,-65.48917,6.49
269.42417,-76.17750,6.07
265.48458,72.14889,4.58
265.49167,72.15694,5.79
267.10333,20.56556,5.69
267.32875,1.96111,6.47
267.93542,-45.60056,6.11
266.78375,47.61222,6.43
267.19958,19.25528,6.12
267.88667,-40.77250,5.96
267.20500,25.62278,5.12
271.36125,-81.48639,6.35
268.05667,-34.79917,5.90
268.08208,-34.41667,5.84
268.21958,-41.99667,6.20
267.68125,11.94667,6.17
268.20500,-34.11417,6.06
268.23292,-35.01861,6.45
268.24125,-35.62417,6.03
267.59542,29.32222,5.50
267.70167,22.31639,5.98
267.26792,50.78111,5.02
268.33167,-34.73056,6.17
268.34708,-34.89528,5.60
267.99792,-1.23667,6.35
268.43958,-34.78583,6.38
268.16167,-6.14361,6.21
268.47875,-34.75250,5.96
268.49208,-34.83167,6.42
267.99375,15.32583,6.46
268.26500,-10.89972,6.18
268.14750,1.30500,5.95
268.61333,-34.46639,5.96
267.80833,40.07250,6.46
268.30917,6.10139,5.77
268.78292,-36.47583,6.06
268.72500,-24.88722,6.20
268.01958,39.98222,6.04
268.00417,46.64333,6.38
269.19750,-44.34222,4.86
268.55917,11.13056,6.38
268.32542,40.00806,5.16
269.23250,-40.30556,6.43
269.17458,-28.06528,5.80
269.07917,-15.81250,5.89
269.44875,-41.71611,4.88
269.49083,-39.13694,6.29
269.07667,0.67028,5.82
268.85500,26.05000,5.46
269.19875,-4.08194,5.47
268.96167,22.46417,5.58
268.38208,56.87278,3.75
269.26792,0.06639,5.97
269.23333,6.48778,6.29
269.73167,-36.85833,5.74
269.66292,-28.75917,6.01
269.77167,-30.25306,5.16
269.06333,37.25056,3.86
269.36208,11.04417,6.36
269.30958,23.99583,6.30
269.75667,-9.77361,3.34
268.84875,55.97139,6.10
269.94833,-23.81611,4.76
267.36250,76.96278,5.04
269.20167,45.35083,6.02
269.44125,29.24778,3.70
270.00042,-20.33917,6.21
269.15167,51.48889,2.23
269.90292,-4.82139,5.87
269.62583,30.18944,4.41
270.45125,-36.37778,6.30
270.06458,0.62944,6.37
270.12083,-3.69028,4.62
269.67625,36.28778,6.00
270.06583,4.36861,4.64
270.01417,16.75083,4.67
270.16125,2.93167,3.97
270.34625,-17.15694,6.28
270.47667,-22.78056,5.77
267.54375,78.30667,6.24
269.71792,45.47611,6.48
270.22042,6.26833,6.34
270.11542,19.50583,6.50
283.69542,-87.60583,5.28
270.23833,15.09333,6.26
270.43833,1.30528,4.45
270.71292,-24.28222,5.34
268.79667,72.00500,5.45
270.15167,33.21389,5.99
269.98417,45.50139,5.67
270.37458,21.59528,5.18
270.37667,21.59556,4.96
272.81542,-75.89139,5.86
270.77083,-8.18028,5.94
270.77042,-8.18056,5.24
268.61083,75.17083,6.36
270.96833,-24.36056,5.97
270.39958,33.31139,6.15
270.59625,20.83361,5.28
271.21000,-35.90139,6.00
271.95125,-64.55000,6.41
270.62542,22.92306,6.21
271.25542,-29.58000,4.69
271.65792,-50.09167,3.66
270.81125,19.61306,6.50
272.14500,-63.66833,4.35
271.45208,-30.42417,2.99
271.15542,1.91917,6.14
271.59875,-36.01972,5.95
271.70750,-43.42472,5.77
271.70750,-43.42472,5.77
273.14375,-73.67167,5.85
271.36375,2.49944,4.03
270.78750,48.46444,6.21
271.16750,23.94250,6.34
271.53083,-8.32389,5.85
271.56333,-4.75139,5.77
271.53083,-0.44667,6.34
272.12542,-45.76722,6.15
272.49000,-59.04000,6.38
272.60875,-62.00222,5.49
271.79750,-21.44389,6.28
271.37583,21.64694,6.15
271.50792,22.21889,5.06
272.02083,-28.45722,4.57
271.25333,41.94667,6.34
271.45667,32.23056,5.71
271.95167,-17.15417,5.52
271.82667,8.73389,4.64
271.83750,9.56389,3.73
271.75625,30.56194,5.04
272.49958,-32.71972,6.43
272.76875,-47.51306,6.07
271.88583,28.76250,3.83
272.52375,-30.72861,5.53
271.95625,26.10139,5.86
271.95625,26.09750,5.90
272.80750,-45.95444,4.53
272.14042,14.28472,6.37
272.43083,-13.93444,6.39
272.77333,-41.35917,5.86
272.18958,20.81444,4.36
272.73000,-33.79972,6.16
263.05375,86.58639,4.36
271.72292,50.82278,6.29
271.87000,43.46167,5.00
271.77625,49.71056,6.32
272.00917,36.40139,5.48
272.22042,20.04528,5.10
272.39083,3.99333,5.73
273.56750,-63.68944,6.47
272.47500,3.11972,5.69
272.81167,-19.84222,6.36
272.29250,30.46944,6.38
272.66792,3.32417,5.51
272.93083,-23.70111,4.98
272.53625,16.47667,6.09
273.30250,-41.33611,5.47
273.92042,-63.05556,5.60
272.40625,38.45750,6.40
272.49583,36.46639,5.58
274.50375,-68.22917,6.33
270.01417,80.00083,6.04
270.03833,80.00417,5.68
262.70000,86.96806,5.79
273.44083,-21.05889,3.86
272.93792,33.44694,5.88
272.97583,31.40528,4.97
273.56625,-21.71306,5.44
272.63167,54.28667,5.95
273.96958,-44.20667,5.46
274.28125,-56.02333,5.33
273.31875,21.88028,6.12
274.25375,-51.06833,6.06
273.80375,-20.72833,5.38
273.80375,-20.38806,5.95
273.17750,41.14694,6.36
273.87833,-18.66139,6.07
273.27000,38.77361,6.04
272.77958,60.40944,6.49
274.91750,-63.88694,6.18
275.90042,-75.04417,5.47
273.99167,-3.61750,6.36
274.40667,-36.76167,3.11
274.40042,-34.10722,6.16
274.02333,2.37778,6.01
274.35000,-28.65250,6.19
274.34875,-28.28917,6.40
277.33125,-80.23278,5.95
274.29833,-17.37389,5.75
274.66667,-42.28833,6.30
274.22125,-3.00722,6.00
274.51333,-27.04250,4.65
274.35083,-9.75861,6.31
273.91167,42.15944,5.59
273.88583,45.20944,6.29
273.67125,56.58833,6.37
273.47417,64.39722,5.03
274.51208,13.77694,6.30
274.53208,18.13139,5.99
274.27833,40.93667,6.11
275.80667,-61.49389,4.36
275.23042,-37.48750,6.45
274.78958,7.25972,5.39
275.03667,-15.83167,5.39
275.24875,-29.82806,2.70
274.79458,24.44611,5.27
275.38083,-24.91500,6.25
275.57750,-38.65694,5.10
275.34625,-18.86000,5.75
275.50083,-28.43000,6.16
273.82083,68.75583,5.95
275.21708,3.37722,4.86
274.96708,29.66611,5.99
275.07458,21.96139,4.95
275.32750,-2.89889,3.26
275.72125,-36.66944,5.34
276.38125,-63.02139,6.14
274.96542,36.06444,4.33
275.36875,5.43583,6.13
275.87042,-36.23833,5.55
276.07583,-44.11028,5.25
275.23792,29.85889,5.63
275.25417,28.87000,5.12
275.75917,-10.21861,6.33
276.04292,-34.38472,1.85
274.98375,51.34778,6.30
275.80083,-12.01472,5.73
275.53625,23.28528,5.41
275.64708,12.02889,5.89
275.91458,-8.93417,4.68
275.70417,17.82667,5.25
275.27958,49.72556,6.40
275.76208,16.68806,6.22
276.25625,-30.75667,5.60
276.34042,-35.99167,6.15
276.01458,-3.58333,6.38
275.38625,49.12167,5.05
276.17542,-7.07528,6.31
276.47750,-33.94528,6.30
276.72458,-48.11694,5.46
275.92458,21.76972,3.84
276.33750,-20.54167,4.81
276.74333,-45.96833,3.51
276.23750,-1.57944,6.15
278.23042,-73.96556,5.89
275.98917,38.73917,6.36
276.41167,8.03194,5.65
276.05750,39.50722,5.12
276.24375,27.39528,6.27
277.20792,-49.07083,4.13
276.48083,14.96667,6.37
276.95625,-29.81639,5.92
277.48625,-57.52306,5.76
276.93250,-26.63472,6.31
277.11292,-38.99556,5.64
275.94917,53.30083,6.32
280.55875,-81.80778,6.27
276.99250,-25.42167,2.81
277.02583,-26.75722,6.27
277.30375,-43.84583,6.36
277.84333,-62.27833,4.64
276.49500,29.82889,5.83
276.80208,0.19611,5.21
276.98542,-17.80000,6.20
275.18958,71.33778,4.22
277.48250,-47.22028,5.70
275.97708,58.80056,4.98
276.95958,3.74861,6.07
277.23917,-26.58167,6.50
275.26417,72.73278,3.57
276.99500,6.19417,5.73
277.29958,-14.56583,4.70
277.76250,-41.91361,6.04
277.44500,-14.58167,5.96
277.54958,-18.72889,5.66
277.93917,-45.91500,4.96
277.42083,-1.98528,5.39
277.77000,-32.98917,5.34
277.98417,-43.50778,5.72
278.00833,-45.75722,5.07
278.37292,-58.70917,6.44
277.55958,-5.72417,6.28
278.08917,-39.70389,5.16
277.39875,23.86611,5.90
277.85958,-18.40278,5.14
276.49625,65.56361,4.82
277.85708,-10.79583,5.72
278.25375,-39.89222,6.22
276.92625,59.54917,6.43
277.67333,20.81528,6.50
278.37583,-42.31250,4.64
278.34708,-38.72028,6.32
278.34625,-38.72611,5.65
278.63000,-52.89194,6.22
277.76833,16.92861,5.77
278.08667,-14.64417,6.37
277.98750,-1.00306,5.94
278.02917,3.65972,6.43
278.18042,-14.86556,5.50
278.49083,-33.01667,5.28
278.47292,-24.03250,5.49
278.41250,-14.85361,5.76
278.34542,-5.91139,6.36
278.19250,23.61694,5.84
278.34708,8.26833,6.42
278.20792,30.55417,5.48
278.83875,-20.84083,6.48
278.76000,-10.97722,5.14
278.99875,-29.69917,6.37
278.80167,-8.24417,3.85
278.69792,10.89167,6.40
278.80250,18.20333,5.78
278.14375,57.04556,4.77
278.87667,23.60556,5.61
278.97167,16.97556,6.21
280.75875,-71.42806,4.01
278.48625,52.35361,5.36
278.80625,34.45778,6.10
279.11583,9.12250,5.39
279.80958,-47.90972,5.86
279.16292,6.67194,5.45
279.47667,-21.39778,5.94
279.51917,-14.00472,6.47
279.62792,-23.50500,5.81
279.89583,-43.18611,5.37
279.30250,11.42167,6.42
279.40000,-0.30944,5.75
281.95583,-77.86722,6.39
279.28750,16.19833,6.29
280.59375,-64.64306,6.37
279.15500,33.46889,5.42
279.72250,-21.05194,5.86
279.59875,-3.19361,6.49
279.23458,38.78361,0.03
279.58750,8.83389,6.40
279.19000,43.22194,6.20
280.90500,-64.55111,5.78
280.37750,-48.09500,6.49
277.43708,77.54694,5.64
280.00208,-7.79056,5.84
279.90375,5.26417,6.38
279.52708,39.66806,6.04
279.96500,7.35833,6.28
280.46500,-23.83333,6.23
281.36208,-64.87139,4.79
279.05542,65.48861,6.06
280.42708,-14.56417,6.42
281.29792,-61.09500,6.04
280.00833,30.84944,6.36
279.88792,40.93500,6.25
279.38958,62.52667,5.74
280.05083,38.36722,6.45
280.56833,-9.05250,4.72
280.94542,-38.32361,5.13
281.34875,-56.88167,6.22
280.73000,-19.28389,6.35
280.65042,-7.07333,6.15
276.03833,83.17528,6.17
281.03208,-36.71861,6.32
282.43125,-72.99472,6.06
279.97000,52.19611,6.00
281.08083,-35.64194,4.87
280.42208,31.61778,6.41
281.23833,-39.68639,5.43
280.88042,-8.27528,4.90
280.53375,34.74667,6.47
280.96417,-6.81861,6.31
281.20667,-25.01111,5.83
282.15750,-65.07778,5.73
281.32792,-21.00139,6.36
281.41417,-26.99083,3.17
281.20792,2.06000,5.02
280.81958,39.30028,6.45
280.23458,62.74972,6.09
280.90042,36.55667,6.01
280.96500,31.92667,5.70
281.50500,-19.60639,6.42
281.58583,-22.39222,5.37
281.16750,23.58972,6.31
281.36833,5.49972,5.83
280.65792,55.53944,5.04
281.93583,-40.40611,5.24
281.08500,39.67000,5.06
281.08458,39.67111,6.02
281.09542,39.61306,5.14
281.09542,39.61278,5.37
281.68042,-10.12500,5.71
281.19333,37.60500,4.36
281.20083,37.59444,5.73
281.61875,-0.96167,5.90
280.87083,53.87194,6.11
281.41542,20.54639,4.19
282.21042,-43.68000,5.49
281.79375,-4.74778,4.22
281.51875,26.66222,4.83
282.36417,-45.81028,5.81
281.87083,-5.70500,5.20
281.67250,18.70583,6.17
282.39583,-43.43389,5.61
281.75542,18.18139,4.36
281.23083,54.89667,6.23
282.18875,-18.60139,6.47
281.55417,41.44167,6.07
283.05417,-62.18750,4.22
281.07583,61.04806,5.99
282.01125,4.24139,6.21
282.41708,-20.32472,5.24
282.06833,23.51417,6.15
281.98958,31.75694,6.06
280.79250,70.79278,6.44
282.42083,-5.91278,5.99
281.67958,52.98806,5.88
282.40458,0.83583,6.25
282.22250,19.32861,5.88
283.16500,-52.10750,5.17
281.91667,49.07500,6.40
283.11292,-46.59528,5.54
283.30042,-51.93111,6.31
282.74375,-9.77417,5.83
283.26042,-48.36000,6.19
282.06708,48.76750,6.12
283.24833,-46.58583,6.19
282.44125,32.81278,5.91
282.84208,-3.31778,6.10
282.47042,32.55083,5.25
283.11875,-26.65028,6.29
283.15417,-29.37944,6.13
282.52000,33.36278,3.45
284.23750,-67.23361,4.44
283.00792,13.96556,6.14
283.25792,-9.57611,6.34
284.22792,-62.80111,6.48
282.89958,28.78361,6.18
283.06833,21.42528,5.48
283.50042,-21.35972,5.69
282.90208,36.53861,6.09
283.54250,-22.74500,4.83
281.44458,74.08556,5.27
283.02958,41.38333,6.28
283.67958,-15.60306,5.10
283.77958,-22.67139,4.99
283.81625,-26.29667,2.02
284.07042,-42.71056,5.36
282.89583,52.97500,5.51
281.59250,75.43389,5.35
282.80042,59.38833,4.66
283.87917,-16.37667,5.79
284.65167,-60.20056,5.14
284.00250,-23.17361,5.93
284.16875,-37.34333,5.38
285.01458,-66.65333,6.01
283.43167,36.97167,5.58
283.55500,27.90944,5.62
283.68708,22.64500,4.59
284.61542,-52.93861,4.87
283.86458,6.61528,5.57
284.39458,-39.82333,6.31
283.30667,50.70833,4.92
283.62583,36.89889,4.30
283.71875,33.96861,6.02
284.05500,4.20361,4.62
284.06083,4.20194,4.98
284.09458,-1.80000,6.22
284.10667,2.47111,6.15
284.33542,-20.65639,5.08
283.71750,41.60278,5.44
284.02583,18.10528,5.69
284.26542,-5.84611,4.83
284.43250,-21.10667,3.51
284.58875,-31.03611,6.12
284.68083,-37.10750,4.87
283.44292,57.48694,6.22
283.69625,48.85972,5.77
284.79625,-39.53472,6.49
283.83375,43.94611,4.04
284.31917,2.53528,5.57
284.60250,-22.52944,6.14
281.40875,79.94250,6.39
285.87375,-68.75528,5.88
284.25667,32.90139,5.22
284.59917,6.24028,6.21
284.86167,-18.56694,6.37
284.56125,17.36083,5.38
284.84917,-12.84056,5.53
284.69542,13.90667,5.89
285.10333,-24.94222,6.36
285.26792,-37.06194,6.40
284.68792,19.79417,6.50
284.77375,13.62250,5.23
284.50792,38.26611,5.89
284.18750,57.81500,5.66
284.90583,15.06833,4.02
285.53625,-41.91000,6.23
284.73583,32.68944,3.24
284.69417,40.67917,6.22
283.59958,71.29722,4.82
284.93958,26.23056,5.27
285.40750,-22.69556,6.24
284.99208,22.81472,6.29
284.36833,58.22528,6.46
284.80125,39.21778,6.41
285.38958,-15.28250,6.32
284.10667,65.25806,5.63
285.77875,-42.09528,4.75
285.98917,-51.01861,5.93
284.32250,62.39667,6.45
285.00375,32.14556,4.93
285.42000,-5.73889,4.02
285.65292,-29.88028,2.60
285.61542,-24.84694,5.65
284.74833,50.80944,6.30
285.82375,-38.25333,5.74
285.27292,19.30972,6.39
283.38833,75.78750,6.22
285.32250,26.29139,5.69
285.76583,-19.24528,6.05
285.23000,33.80222,6.01
285.77917,-19.10333,6.37
285.45625,22.26389,6.40
285.59000,8.37417,6.30
285.72708,-3.69889,5.42
285.05708,50.53361,5.38
286.10458,-31.04694,5.50
285.45125,33.62139,6.39
286.58292,-52.34083,5.16
285.88417,1.81889,5.83
285.36000,46.93472,5.01
285.71917,19.66111,6.09
286.17083,-21.74167,3.77
285.18083,55.65833,5.48
287.46958,-68.42472,5.33
286.73167,-48.29917,5.97
286.24000,-4.03139,5.42
286.60458,-37.06333,4.93
286.60458,-37.06333,4.99
317.19250,-88.95639,5.47
285.52917,52.26111,6.31
286.42167,-15.66028,5.97
286.71875,-37.81028,6.16
287.21708,-55.72028,6.49
286.73500,-27.67056,3.32
286.35250,13.86333,2.99
286.56208,-4.88250,3.44
286.24125,31.74444,5.56
286.24292,30.73333,6.06
286.71792,-16.22889,6.03
286.87875,-28.63694,6.04
286.78542,-18.73778,6.29
287.08708,-40.49667,4.59
286.59250,8.23000,6.09
286.44625,29.92167,6.31
287.06083,-24.65694,6.30
286.74417,11.07139,5.09
287.06958,-19.29000,5.54
286.66000,24.25083,5.77
286.23000,53.39667,5.38
286.29125,49.92333,6.43
286.65708,28.62861,5.55
287.36792,-37.90444,4.11
287.41542,-39.82806,6.46
287.49083,-41.89250,5.88
286.57083,41.41389,6.49
287.50708,-39.34083,4.11
286.98875,16.85333,6.07
286.85667,32.50167,5.23
286.82542,36.10028,5.28
287.01500,21.69889,6.23
287.44083,-21.02361,2.89
287.45042,-19.80361,6.13
287.24958,6.07333,5.22
287.16750,16.85139,6.48
287.75750,-39.00500,6.36
287.46500,-0.42806,6.34
287.82875,-29.50222,6.30
288.19208,-50.48639,6.13
289.11875,-69.19056,6.27
287.10750,52.42556,5.81
288.11667,-21.65806,6.41
288.30708,-25.90667,5.80
289.30000,-66.66139,5.53
288.16958,-7.93944,5.34
287.87875,26.73583,6.36
288.66542,-45.19333,5.92
288.31458,-12.28250,5.51
287.94167,31.28333,5.98
287.84625,40.42917,6.18
288.15292,21.55444,5.93
288.42792,2.29361,5.15
288.43375,5.51583,6.49
289.09042,-45.46639,5.40
287.44083,65.97861,6.25
288.88833,-24.17917,6.25
288.88500,-25.25667,4.85
287.91875,56.85917,5.12
289.13667,-33.52167,6.25
289.53917,-53.38667,6.38
288.43958,39.14611,4.39
288.76083,20.20333,6.00
288.83375,15.08361,5.57
288.82250,21.23222,5.64
288.85333,30.52639,5.85
289.12917,4.83472,5.59
289.40875,-18.95306,4.96
289.05417,21.39028,4.77
289.11167,14.54472,5.63
288.99750,27.92694,6.16
288.48000,57.70500,4.99
288.13875,67.66167,3.07
288.83042,50.07083,6.27
287.29083,76.56056,5.13
289.45083,2.03167,6.19
289.09208,38.13361,4.36
289.45417,11.59528,5.28
289.91667,-35.42139,5.59
289.75042,-15.53639,6.06
289.43167,23.02556,5.43
289.63542,1.08528,5.10
291.02250,-68.37111,6.34
289.71208,0.33917,6.41
289.21417,46.99917,6.00
289.71958,9.61806,6.32
290.15875,-22.40250,5.58
289.27583,53.36861,3.77
290.71292,-54.42361,5.05
290.37458,-34.98389,6.48
289.91375,12.37472,5.53
289.97083,11.53500,6.02
290.13708,-5.41583,5.01
290.54000,-42.01611,6.34
290.14875,-0.89222,5.49
290.65958,-44.45889,4.01
289.75500,37.44528,6.22
290.40458,-19.23417,6.26
290.41833,-17.84722,3.93
289.65708,49.56972,6.31
290.43167,-15.95500,4.61
290.80500,-44.79972,4.29
290.46208,-18.30833,5.87
289.91208,37.33056,6.31
290.13792,35.18611,6.31
290.58625,-8.20111,6.31
290.97167,-40.61611,3.97
290.58958,-0.25250,5.83
291.08917,-43.72306,6.17
289.90208,54.37611,6.26
288.88750,73.35556,4.45
290.76917,-7.40028,6.32
290.70167,9.91306,6.35
291.12542,-27.86556,6.04
290.06708,57.64528,5.91
290.71208,26.26250,5.18
290.63917,33.51806,6.06
291.26708,-29.30917,5.93
291.31875,-24.50861,5.03
291.37375,-23.96222,5.43
290.94542,20.26444,6.40
290.35583,57.76694,6.43
291.34000,-13.89694,5.69
290.89167,33.22222,6.37
291.09208,16.93778,6.25
291.95042,-54.32528,5.69
290.16708,65.71472,4.59
291.03167,29.62139,4.97
291.24250,11.94444,5.16
291.58000,-21.77667,5.59
291.02542,36.45194,6.36
291.37458,3.11472,3.36
291.54625,-15.05306,5.72
291.73542,-29.74333,5.67
290.98542,43.38806,5.84
292.79542,-68.43389,5.96
291.34333,20.27139,6.31
291.36917,19.79861,5.16
291.35750,24.91278,6.19
291.62958,0.33861,4.66
292.46917,-55.44139,6.13
291.60042,13.02389,5.74
291.55500,20.09778,5.63
291.61958,19.89139,5.81
292.34958,-43.44583,5.71
292.64375,-55.11000,6.30
259.23667,89.03778,6.38
291.53792,36.31778,5.15
291.89125,14.28250,6.32
292.08667,2.93028,5.85
292.46750,-26.98556,5.52
292.25417,1.95028,5.80
291.90208,37.94111,6.34
292.32500,0.24611,6.25
292.17625,24.66500,4.44
292.23750,24.76861,5.81
292.34208,14.59583,5.56
291.85792,52.32056,5.75
292.33708,20.27972,6.33
292.72500,-21.31222,6.13
293.22417,-53.18583,5.75
292.54375,2.90417,6.09
291.61042,62.55722,6.38
292.66583,-2.78889,5.03
292.63792,3.44444,6.05
293.34000,-45.27194,5.61
292.68042,27.95972,3.08
292.68875,27.96528,5.11
292.69542,36.22861,6.25
292.42625,51.72972,3.79
292.84083,26.61722,5.87
293.53542,-40.03472,5.89
290.41750,79.60278,6.05
293.80417,-48.09917,4.90
292.94292,34.45306,4.74
292.83042,50.30667,5.53
292.80667,55.73194,6.37
293.52250,7.37889,4.45
293.78042,-10.56028,5.12
294.00708,-24.71917,5.65
293.87417,-7.46028,6.34
293.89000,-12.25278,6.27
294.60792,-57.98333,6.18
294.96708,-66.68556,6.39
293.64542,19.77333,5.00
293.85500,2.91333,6.38
294.10875,-18.85278,6.11
294.17667,-24.88361,4.60
293.71208,29.46306,5.38
293.42333,49.26250,5.96
294.26375,-18.23111,5.64
293.67167,42.41278,5.35
294.22292,-7.02750,4.95
294.18042,-1.28639,4.36
293.29208,60.15861,6.29
294.06583,14.39167,6.38
292.75083,70.98944,6.07
293.58250,51.23667,5.73
294.03458,22.58583,6.32
294.39333,-14.30167,5.47
295.40625,-65.85417,6.09
294.21875,11.27333,5.98
293.95125,36.94444,6.05
295.07625,-54.41750,6.26
294.44708,-4.64750,5.46
294.92500,-45.27806,6.25
293.09000,69.66111,4.68
294.32250,16.46278,5.66
294.28917,29.33361,6.43
294.23583,38.38389,6.50
294.15792,44.69500,5.17
294.11042,50.22111,4.48
294.95583,-23.42778,6.34
294.70417,3.38167,6.35
294.57292,20.78278,6.48
295.02958,-23.42861,5.97
294.79833,5.39778,5.17
294.85583,16.57139,6.38
295.18083,-16.29333,6.20
294.48625,49.28444,6.47
294.84417,30.15333,4.69
295.02417,18.01389,4.37
295.18042,-0.62111,5.67
294.93750,33.97917,6.10
295.11792,20.47667,6.50
294.86042,42.81833,5.40
294.67167,54.97389,5.82
295.27292,13.81556,6.01
294.89333,45.95806,6.20
295.26208,17.47611,4.37
295.62958,-16.12389,5.06
295.31208,22.45278,6.36
295.90667,-37.53889,6.16
295.17167,43.07778,6.16
295.55333,12.19333,6.34
299.00625,-81.34972,6.39
295.20917,45.52500,5.06
295.88958,-15.47000,5.49
295.64167,11.82667,5.27
297.35542,-72.50333,5.41
295.48958,40.25389,6.23
295.70458,29.33167,6.49
295.68583,32.42667,5.94
295.45375,50.52528,5.96
295.46667,50.51750,6.20
295.78958,30.67861,6.05
295.92875,25.77194,5.49
296.50500,-31.90861,5.52
295.98292,27.13556,6.28
295.51708,55.46333,6.48
297.00500,-56.36250,5.35
296.14208,13.30278,6.26
295.96417,34.16250,6.05
297.47208,-66.81278,6.45
295.93750,41.77306,5.84
296.59042,-19.76111,4.86
296.46750,-2.88333,6.48
296.06917,37.35444,4.89
296.41625,7.61333,5.91
297.22958,-52.88806,6.25
295.81083,58.01639,6.22
296.20417,40.71667,6.34
297.75542,-65.60500,6.05
296.56500,10.61333,2.72
295.91500,57.04250,6.27
297.59042,-61.06139,6.21
296.24375,45.13083,2.87
296.41500,36.09111,6.43
296.46417,35.01278,6.09
297.68667,-59.19306,5.42
297.01250,-13.70333,6.11
296.60667,33.72778,4.99
296.64583,32.88861,6.18
296.84708,18.53417,3.82
297.55750,-47.55722,5.94
297.29833,-28.78889,6.05
296.95250,25.38389,5.95
297.25917,-10.87083,6.04
297.12667,10.69417,6.44
296.86583,38.40750,5.77
297.17542,11.81583,5.72
296.07708,69.33694,5.92
297.24458,19.14222,5.00
296.86167,47.90778,6.12
298.15667,-54.97111,5.74
298.16250,-54.97667,6.50
297.21083,33.43722,6.44
297.96083,-39.87444,5.33
297.69500,-10.76361,5.39
297.36458,38.71000,6.11
297.47750,28.44056,6.38
297.69583,8.86833,0.77
298.66833,-61.17083,6.24
297.79625,-2.46083,6.13
297.75667,10.41556,5.11
298.05000,-19.04500,5.92
297.82375,9.63028,6.25
296.68625,68.43833,6.34
297.64125,32.91417,4.23
297.76708,22.61000,4.95
297.64167,38.72250,5.12
297.65542,40.59972,5.69
297.69583,37.82639,6.06
298.01458,11.62889,6.13
298.11833,1.00556,3.90
298.27667,-14.60306,6.48
298.00667,24.99222,5.57
298.09083,18.67194,6.23
298.32792,-3.11444,5.65
297.65708,52.98806,5.03
297.83083,47.37722,6.20
298.57375,-23.94111,6.18
299.67208,-69.16389,5.75
298.81542,-41.86833,4.13
297.04333,70.26778,3.83
298.06792,36.43222,6.10
298.53417,-8.57417,5.79
298.77125,-33.04639,6.46
299.27583,-58.90139,5.26
299.72083,-68.76222,6.39
297.99625,47.02750,5.62
300.14792,-72.91056,3.96
298.03000,47.93194,5.91
298.36542,24.07972,4.58
298.65667,-8.22722,5.71
298.65875,-8.23722,6.49
298.56208,8.46139,4.71
298.68667,0.27361,5.61
298.96000,-26.29944,4.70
298.66792,7.14028,6.15
298.25500,47.80750,6.29
298.62958,24.31944,5.52
298.82833,6.40667,3.71
300.09583,-66.94944,5.76
299.23667,-27.17000,4.52
298.70125,36.99611,5.76
298.32250,57.52361,5.14
299.00542,16.63472,5.36
299.05958,11.42389,5.28
298.39750,59.70889,6.06
300.46833,-66.94417,5.31
298.96542,38.48667,4.94
299.48750,-15.49139,5.02
299.07667,35.08333,3.89
299.25083,20.99806,6.48
299.73500,-30.53806,6.28
299.73833,-26.19556,4.83
298.90750,52.43889,4.92
299.18417,36.25083,6.02
300.10542,-49.35111,6.17
299.43917,16.78917,5.53
299.93417,-35.27639,4.37
299.96375,-34.69778,5.30
300.43625,-59.37611,5.13
298.84208,58.25028,6.09
300.11042,-43.04333,6.14
299.30792,40.36806,5.45
300.06625,-37.70222,5.95
300.20125,-45.11306,5.81
300.08458,-33.70389,5.66
299.18792,50.90250,6.43
298.98083,58.84611,4.96
299.07917,56.68694,6.12
299.68917,19.49222,3.47
299.84458,1.37778,6.17
299.94750,-9.95833,5.88
299.48417,42.26083,6.43
300.36000,-40.81417,6.29
299.65833,30.98361,5.49
299.79375,23.10139,5.67
299.64333,38.10556,6.32
300.34958,-22.73722,6.01
301.38667,-67.32083,6.07
300.01375,17.51667,5.37
299.83542,45.77222,5.92
299.98000,37.04278,5.19
300.24542,8.55806,5.91
300.49417,-13.63694,5.71
300.66458,-27.70972,4.58
299.81417,52.05583,6.15
300.88958,-37.94083,4.77
300.27542,27.75361,4.64
299.61958,63.53417,5.96
300.31375,37.09889,6.20
300.43625,24.80028,5.88
300.50583,24.93806,5.22
300.93458,-22.59556,6.45
301.08167,-32.05639,4.99
300.34000,50.10472,5.05
300.81833,18.50056,5.96
302.08542,-66.35472,6.45
300.87500,16.03139,5.67
302.18167,-66.18194,3.56
299.67458,70.36694,6.33
301.09667,-0.70944,5.68
301.03458,7.27806,5.52
300.90583,29.89667,5.71
301.27250,-11.59944,6.34
301.02583,17.07000,5.80
301.84667,-52.88083,4.94
301.89625,-55.01639,6.26
300.36875,64.82111,5.27
301.24417,23.21028,6.45
301.15042,32.21861,5.64
301.28958,19.99111,5.10
301.36042,15.50028,6.34
301.55083,-4.07833,6.47
301.29083,38.47833,6.19
301.12000,48.22972,6.16
300.70458,67.87361,4.51
299.90250,76.48139,6.20
301.27792,51.83944,6.14
301.72250,23.61444,5.07
301.59083,35.97250,5.36
302.00750,-0.67833,5.99
302.78000,-57.52389,6.37
301.33958,56.34139,6.21
301.95958,9.39972,6.43
302.13042,-10.06278,6.18
301.18583,63.89056,6.26
302.02708,16.66417,6.42
301.55750,53.16583,5.85
306.22667,-83.31056,6.17
301.92250,34.42306,6.11
302.15958,10.72583,6.31
301.38667,61.99556,5.39
302.79958,-36.10111,5.32
301.22208,68.02722,6.28
302.48583,20.91528,6.48
303.09958,-42.78056,6.22
303.61208,-63.41583,6.09
302.35667,36.83972,4.93
302.79208,-8.84222,6.49
302.82625,-0.82139,3.23
302.63958,26.90417,5.52
302.99125,-12.39250,6.34
302.76458,21.13472,6.22
303.57917,-52.44556,5.65
303.10792,-12.61750,5.85
302.83792,21.87556,6.26
303.14667,0.86750,6.27
302.95000,26.80889,5.49
303.00292,26.47889,5.92
303.30792,-1.00944,5.47
303.82250,-27.03278,5.73
303.56917,15.19750,4.95
303.96083,-30.00528,6.30
303.13250,51.46361,6.01
302.89542,62.07861,5.75
304.09875,-36.45444,6.39
303.32500,46.81583,4.83
303.56042,28.69472,5.18
304.76250,-63.23111,6.27
303.42833,43.37917,6.14
303.52083,36.60528,6.45
303.40792,46.74139,3.79
303.63333,36.80639,4.97
304.09500,-12.33694,6.32
303.81625,25.59194,4.78
303.34958,56.56778,4.30
303.87583,23.50861,5.15
303.36542,60.64056,5.79
303.84875,33.72944,5.66
303.94208,27.81417,4.52
304.73333,-47.71083,6.31
304.08208,21.59861,6.13
304.41208,-12.50833,4.24
304.50583,-21.81000,5.87
304.82458,-47.58028,6.13
302.22208,77.71139,4.39
303.86792,47.71444,3.98
304.01417,38.89778,6.27
304.19625,24.67111,5.32
304.51375,-12.54472,3.57
303.93083,50.23278,6.31
304.00250,45.57944,5.91
304.11750,37.05639,6.48
305.13458,-55.05083,6.27
304.23042,40.36500,5.24
304.38125,29.14806,6.22
304.84833,-19.11861,5.28
304.37125,42.72194,6.29
304.44667,38.03306,4.81
305.11708,-29.19722,6.30
305.21625,-35.67361,6.46
305.42083,-49.99944,6.27
304.52917,40.73222,5.84
304.93042,-1.07861,6.06
304.61917,37.00000,5.58
304.66292,34.98278,5.17
304.87167,13.21694,6.21
305.16583,-12.75917,4.76
305.00083,13.54806,5.95
305.19417,-14.78500,6.10
305.25292,-14.78139,3.08
304.70667,46.32278,6.45
305.08542,14.56917,6.13
305.61458,-42.04972,5.59
305.08917,17.79306,5.80
304.60333,55.39722,5.76
304.38042,66.85389,5.93
305.06333,39.40333,6.23
308.32292,-80.96500,5.77
304.98375,46.83750,6.50
305.97167,-42.42278,5.64
305.75333,-9.65472,6.30
305.51417,24.44611,5.54
306.41208,-56.73500,1.94
305.12667,53.59611,6.18
304.90292,62.25750,5.72
305.71792,14.55139,6.17
305.79458,5.34306,5.31
305.51250,41.13139,6.39
305.55708,40.25667,2.20
305.65583,31.26500,6.09
305.52250,45.79500,5.58
306.44958,-40.79639,6.09
305.68875,41.02611,5.93
306.36167,-28.66333,5.85
305.73125,42.98333,6.20
306.15625,1.06861,6.15
305.02500,68.88028,5.55
305.29750,63.98028,5.69
305.96542,32.19000,4.43
305.93500,37.47639,5.90
306.72083,-37.40306,6.25
306.42708,-2.80028,6.11
306.43333,10.05639,6.33
306.41875,21.40972,5.66
309.57750,-81.28889,5.91
306.50500,19.86500,6.41
306.83000,-18.21167,5.25
306.59667,17.31556,6.22
307.19458,-35.59583,6.10
306.27125,59.60000,6.44
307.18167,-15.74167,6.41
307.03125,8.43750,6.25
307.10375,-3.35778,6.13
307.21500,-17.81361,4.78
306.78208,34.32889,6.39
307.07000,2.93694,6.21
307.38042,-22.39167,6.16
306.89292,38.44028,5.62
306.59792,56.63889,6.36
306.75958,49.38333,5.69
307.47458,-18.58333,5.94
307.41250,-2.88556,4.91
307.73667,-29.11250,6.39
307.34875,30.36861,4.01
307.33500,36.45472,5.88
307.57500,10.89583,6.08
307.76792,-15.05639,6.12
308.96542,-69.61111,6.11
307.74208,20.60583,6.18
307.49958,45.92861,6.41
308.21833,-24.94389,6.36
307.36292,56.06806,5.91
307.51458,48.95167,4.95
308.09875,-9.85333,5.65
308.47958,-44.51611,5.11
307.74667,36.93583,6.19
308.89500,-60.58167,4.76
307.99250,25.80444,6.34
307.39542,62.99417,4.22
307.82833,49.22028,5.44
308.30333,11.30333,4.03
308.73125,-38.08972,6.44
307.83792,52.30972,6.18
308.54875,-13.72111,6.13
308.69750,-30.47361,6.40
308.48750,13.02722,5.38
309.39708,-61.53000,4.88
307.94375,56.78000,6.14
308.54167,20.98528,6.48
310.51208,-76.18056,6.00
308.88417,-16.52583,6.19
308.47583,35.25083,4.61
308.45167,41.77222,6.49
307.50292,72.53167,6.27
309.39167,-47.29139,3.11
308.47875,46.69389,5.78
308.82708,14.67417,4.68
309.96417,-62.90778,6.22
309.18167,-2.55000,4.89
309.03458,25.88250,6.41
310.01083,-60.54889,5.12
308.71000,51.85417,6.11
309.46708,-25.10889,6.36
309.32625,0.09694,6.22
307.87667,74.95472,5.20
309.26958,26.46194,5.59
310.48792,-66.76083,5.15
309.38750,14.59528,3.63
309.45458,11.37778,5.43
309.58458,-1.10528,4.32
309.38250,31.57250,6.32
309.47750,18.26917,6.25
309.38583,31.52194,6.49
309.34833,38.32861,6.20
309.81833,-14.95472,5.22
309.80500,-2.41278,6.22
309.63042,21.20111,4.82
309.68292,13.31500,5.72
310.08250,-33.43194,5.47
309.63292,24.11611,5.04
309.64625,23.68056,5.91
309.78250,10.08611,5.05
309.85375,0.48639,5.16
310.04875,-23.77389,6.37
309.77083,15.83806,5.97
310.01250,-18.13861,5.10
307.06083,81.42278,5.46
309.79417,21.81722,6.08
309.74792,30.33444,5.68
310.13542,-16.12417,5.80
309.90958,15.91194,3.77
309.96583,11.24972,6.42
307.36458,81.09139,5.96
310.34875,-31.59833,5.76
310.35042,-26.00000,6.28
309.88875,40.57944,6.06
311.23958,-66.20306,3.42
310.18833,19.93528,6.45
310.72083,-39.55861,6.29
309.75083,56.00500,6.48
310.15083,29.80528,6.08
310.31750,14.58306,5.99
310.01292,43.45861,5.95
311.00958,-51.92111,4.51
310.26083,32.30722,5.51
310.49250,17.52139,6.22
310.35792,45.28028,1.25
310.07458,60.50528,6.01
310.48542,41.71694,5.67
310.86458,15.07444,4.43
310.55250,50.34000,5.39
307.26292,83.62556,6.19
311.30500,-27.24722,6.50
310.85083,35.58778,6.47
311.58375,-39.19917,5.50
312.32542,-68.77639,5.41
311.57750,-36.12028,6.49
311.52375,-25.27083,4.14
311.54167,-21.51417,5.93
310.66542,60.60139,6.15
311.21875,25.27056,4.91
310.80625,57.11417,6.32
311.36750,18.09028,6.38
311.41542,30.71972,4.22
312.12167,-43.98861,5.11
311.09167,56.48806,5.78
310.79583,66.65750,5.58
311.76500,-2.48667,6.27
311.66125,16.12444,5.14
311.66458,16.12417,4.27
311.55292,33.97028,2.46
311.91917,-9.49583,3.77
311.93417,-5.02778,4.42
312.37083,-46.22694,4.89
311.95125,6.00833,5.58
311.94917,3.30667,6.40
311.33792,57.57972,4.51
311.79500,34.37417,4.92
311.32250,61.83889,3.43
311.66042,46.53167,6.30
312.90958,-62.42917,6.28
312.32333,-25.78139,5.86
311.58833,52.99528,6.33
311.85208,36.49083,4.53
312.33542,-18.03583,6.21
312.49208,-33.77972,4.90
311.83667,45.57972,6.40
311.13792,69.75194,6.41
312.87542,-51.60833,5.05
311.95542,47.83194,5.57
312.69625,-32.05444,6.36
312.75292,-37.91333,5.52
311.97000,52.40722,6.27
312.40750,12.54528,5.98
312.45125,7.86417,6.33
312.49625,5.54472,6.21
312.67417,-12.54500,5.88
312.23458,46.11417,4.84
312.17792,51.91056,6.29
312.99500,-33.17722,6.04
312.95542,-26.91917,4.11
312.85708,-5.62639,5.99
312.47792,46.66111,6.33
312.52042,44.05944,5.04
313.03625,-5.50694,5.55
313.70250,-58.45417,3.65
313.41750,-39.81000,5.35
312.86750,28.25056,5.77
313.25500,-23.78306,6.33
313.16333,-8.98333,4.73
313.35417,-30.71861,6.35
313.64583,-50.72778,6.24
312.32250,64.04222,6.45
313.27333,-11.57361,6.38
313.03208,27.09694,4.59
313.00125,32.84917,6.44
313.52833,-27.92556,6.41
313.49333,-6.88972,6.44
313.28083,29.64944,6.34
313.69958,-17.92306,5.78
313.31167,44.38722,4.78
310.64667,82.53111,5.75
313.32750,45.18194,5.45
313.47458,33.43778,5.47
313.64000,28.05750,5.01
313.91958,4.53278,6.05
313.90292,13.72139,5.17
313.91083,12.56861,5.58
314.19708,-26.29639,5.70
314.22500,-9.69750,5.51
311.88917,80.55222,5.39
314.29417,0.46361,6.05
314.41917,-16.03167,5.87
315.36708,-68.20972,6.37
313.95750,47.41778,5.67
316.17917,-77.02389,5.15
314.14458,44.92500,5.96
314.67458,-14.48278,6.01
314.10625,50.72861,5.81
314.10792,49.19583,5.90
315.08958,-51.26528,5.76
314.29333,41.16722,3.94
314.07083,56.88750,6.23
314.60792,10.83917,5.48
314.99875,-36.12972,6.11
314.56833,22.32583,5.31
314.90042,-19.03528,6.25
314.76833,4.29361,5.23
314.58125,44.47167,5.55
314.62833,41.94028,6.16
315.01625,7.51639,5.99
315.32292,-32.25778,4.67
314.62542,50.46222,5.61
315.14083,-4.73028,6.21
313.68458,75.92556,6.05
315.11542,19.32944,5.65
315.43875,-26.88111,6.05
315.61333,-38.53056,5.94
314.95667,47.52111,4.74
315.74167,-38.63167,5.30
314.85583,59.43861,5.51
315.79250,-27.73194,6.25
315.30375,36.02611,5.97
315.29542,46.15583,5.37
315.74833,-0.92472,6.50
316.30917,-54.72722,5.16
315.76250,1.53194,6.25
315.75750,14.73000,6.31
316.01958,-5.82306,5.89
316.10125,-19.85500,4.84
317.34292,-73.17306,5.68
315.60042,44.79111,6.19
315.77000,38.65750,6.07
315.70208,45.84889,6.48
315.53792,56.66972,5.83
316.14458,5.50278,5.61
316.17375,2.94194,6.42
316.18917,2.26972,6.33
316.60625,-41.38611,5.53
316.50500,-30.12500,5.68
315.96708,41.62806,6.33
315.85833,50.35194,6.37
317.13708,-63.92889,5.76
315.93042,46.86194,6.32
316.48667,-17.23278,4.07
316.60292,-32.34167,5.18
316.36125,5.95833,5.94
315.94833,53.28611,5.90
316.23292,43.92778,3.72
316.78208,-25.00583,4.50
317.83625,-72.54417,6.20
316.59792,26.92444,6.12
316.93583,-17.45528,6.17
316.62625,31.18472,5.82
316.72750,38.74583,5.21
316.73042,38.74333,6.03
317.14000,-21.19361,5.30
316.89000,15.65861,6.34
316.65042,47.64833,4.55
317.11750,6.98944,6.15
317.38750,-20.55639,6.25
318.33542,-70.12639,5.02
317.39875,-11.37167,4.51
317.16208,30.20583,5.59
317.49292,2.94333,6.45
317.69542,-9.35389,6.27
317.58542,10.13167,4.69
317.63000,10.04889,6.07
316.59708,71.43194,5.87
318.05667,-40.26944,5.83
317.92208,-14.47222,6.48
318.26292,-39.42528,5.26
317.56500,53.56333,5.73
317.62917,47.69194,6.46
318.32875,-36.42389,5.96
318.32208,-27.61944,5.42
316.37208,78.12639,5.91
318.94125,-53.26306,5.75
318.23417,30.22694,3.20
318.37000,15.98250,6.27
318.81125,-40.50639,6.21
317.95083,59.98639,5.64
318.35958,36.63361,6.05
318.65417,0.09222,6.38
318.77750,-17.34500,6.04
318.62042,10.00694,4.49
318.94500,-36.21083,6.12
319.50125,-64.68167,6.31
318.54292,29.90111,6.17
318.90792,-20.65167,5.24
318.93708,-15.17139,5.28
323.01750,-84.81000,6.45
318.69792,38.04556,3.72
318.95583,5.24778,3.92
319.16500,-1.60778,6.48
318.42750,64.40389,6.39
319.30625,-13.27889,6.40
319.48458,-32.17250,4.71
318.90333,47.97361,6.46
319.48875,-17.98528,5.43
319.12333,42.25139,6.43
319.96667,-53.44972,4.39
319.54625,-4.51944,5.82
319.72667,-28.76556,6.40
319.35417,39.39472,4.23
319.34667,42.68333,6.19
320.03958,-45.02222,6.00
319.47958,34.89694,4.43
319.25833,53.99750,6.13
319.71667,11.20333,5.96
319.30958,55.79806,5.98
320.19000,-40.80972,4.82
320.31833,-49.93778,6.38
319.32833,58.61167,6.42
319.61333,43.94583,5.00
319.73042,41.04083,6.15
321.06958,-69.73417,6.41
319.84250,38.23750,5.83
320.05833,22.02639,6.29
321.32542,-71.79944,6.09
320.26792,-4.56000,5.87
319.87000,49.51028,5.76
319.64500,62.58556,2.44
320.27000,7.35444,5.82
319.81583,58.62361,5.66
320.26833,23.85583,5.57
320.20875,32.45278,5.68
320.56167,-16.83444,4.28
318.92583,77.01222,5.95
320.34167,32.61278,6.04
320.25583,40.34556,6.40
319.84250,64.87194,5.18
320.75208,-22.66889,5.60
320.52167,19.80444,4.08
318.33958,81.23083,6.15
320.73458,-9.31944,5.99
323.47667,-82.68306,6.38
321.08667,-46.61500,6.31
320.72333,6.81111,5.16
320.13958,60.75694,6.11
321.10333,-41.00667,5.77
321.61083,-65.36611,4.22
320.67458,30.30972,6.05
321.04000,-20.85194,5.41
321.03292,-22.74694,6.38
320.50167,49.38889,5.69
321.04792,-12.87806,5.49
321.56417,-54.66056,6.12
320.99500,24.27417,5.71
321.10250,10.17417,6.35
321.21542,-3.39833,6.36
320.95125,37.35139,6.47
321.03083,25.31222,6.15
321.30458,-9.74861,5.70
322.18708,-69.50528,5.34
321.09625,24.52889,6.32
321.14167,26.17444,5.68
321.32083,-3.55667,5.49
321.59542,-37.82944,5.63
323.33583,-80.03917,6.47
321.75667,-42.54778,5.51
321.46458,0.53444,6.46
321.66667,-22.41139,3.74
321.61708,1.10333,6.13
321.81167,-21.19611,5.78
321.33167,46.71444,5.60
321.44583,36.66750,5.94
321.61125,19.37556,6.07
322.25125,-53.70583,6.39
322.18083,-21.80722,4.51
322.26583,-31.23861,6.50
321.83917,37.11667,5.31
321.71500,48.83500,5.31
321.91708,27.60861,5.41
321.68750,52.89861,6.03
322.10333,8.19556,6.40
322.03458,32.22528,5.80
322.24958,17.90583,6.44
322.24958,22.17944,5.93
321.85542,59.75000,6.10
322.48708,23.63889,4.57
322.21958,55.41861,6.12
321.94208,66.80917,5.44
322.36250,46.54056,5.24
323.02458,-41.17917,5.29
323.06083,-33.94472,5.97
322.79000,12.13750,6.08
322.88958,-5.57111,2.91
323.32375,-52.73750,6.41
324.73417,-79.44250,6.18
323.13875,-24.59056,6.43
323.34792,-44.84861,5.57
322.58500,52.95806,6.02
322.16500,70.56083,3.23
321.20708,80.52472,5.97
323.57083,-42.92500,6.32
322.86458,52.62000,6.16
322.74708,60.45944,5.53
323.72083,-29.69611,6.41
323.71250,-20.08444,5.69
323.23583,49.97778,5.75
323.81625,-23.45417,6.40
323.32458,45.85417,6.25
324.51208,-64.82417,6.20
323.64167,22.75472,6.47
323.82333,-3.98306,5.77
323.49542,45.59194,4.02
324.04583,-26.17139,5.73
325.36875,-77.39000,3.76
323.69417,38.53417,4.90
324.20375,-33.04806,6.11
323.82917,28.19722,6.31
323.86250,24.45222,6.11
323.61458,51.69833,6.15
324.27000,-19.46611,4.68
324.05792,30.05556,6.36
324.01000,45.37472,5.53
324.39083,-0.39028,6.25
324.43792,-7.85417,4.69
324.43208,6.61833,6.18
324.23750,40.41361,5.01
324.43917,19.31861,5.45
324.77542,-33.67917,6.28
324.99875,-52.35917,6.21
324.63292,5.77167,5.67
325.14000,-55.73750,6.33
324.36625,44.69667,6.20
324.86708,-10.57694,6.08
324.68750,25.49889,6.16
324.41125,54.04222,6.15
324.75458,20.26528,5.85
324.88875,2.24361,5.10
325.02292,-16.66222,3.68
324.48000,62.08194,4.73
327.72625,-82.71917,5.29
324.74000,57.48917,5.62
325.44208,-25.10194,6.49
325.38708,-14.04750,5.18
325.04625,43.27389,5.11
325.50333,-23.26278,5.24
326.37000,-71.00889,6.01
325.54208,1.28528,5.67
325.66458,-18.86639,4.73
325.56458,5.68000,5.30
325.18042,54.87222,6.20
325.39292,40.80528,6.11
325.63750,10.82472,6.09
325.80625,-19.62083,6.22
325.76833,-14.39972,5.88
325.50458,35.51028,6.07
325.53500,45.76583,6.17
326.12292,-38.55250,6.30
325.59542,41.07722,5.69
325.52375,51.18972,4.67
326.00417,-14.74944,5.99
326.32917,-49.49861,6.45
325.66208,49.60028,6.09
326.23667,-33.02583,4.34
325.77667,41.15500,5.49
325.85708,38.28389,5.65
326.04667,9.87500,2.39
326.03583,28.74278,4.73
326.03458,28.74306,6.08
326.25125,-9.08250,5.09
325.68917,59.27111,6.08
326.12792,17.35000,4.34
326.13042,14.77194,5.94
326.16125,25.64500,4.13
325.87667,58.78000,4.08
325.48042,71.31139,4.56
326.56792,-9.27583,6.00
326.63375,-11.36583,5.58
326.43542,35.85722,6.40
326.51833,22.94889,5.29
326.76000,-16.12722,2.87
327.06583,-47.30361,5.58
325.76667,72.32028,5.17
326.60000,25.56333,6.28
326.93417,-30.89833,5.01
326.22208,62.46056,5.95
326.80833,2.68611,5.64
326.76958,17.19417,6.21
327.50042,-64.71250,5.62
326.90875,-5.91722,6.17
327.69625,-69.62944,5.53
326.36208,61.12083,4.29
326.69833,49.30944,4.23
327.03458,36.58056,6.47
327.42125,-12.72306,6.31
327.12250,38.64861,6.12
326.85542,60.69278,5.52
327.55458,-16.84472,6.38
327.36208,20.46250,6.29
326.75417,70.15083,6.29
327.46125,30.17417,5.04
327.53625,17.28556,5.29
327.41708,41.14889,6.48
327.92417,-18.62306,6.16
327.32917,61.27278,6.17
327.89250,19.82667,5.77
327.77042,39.53667,6.17
328.32417,-13.55167,5.08
328.79792,-61.88639,5.90
328.48208,-37.36500,3.01
328.12458,28.79333,5.53
328.26583,25.92500,5.08
328.00417,55.79694,5.71
328.40583,19.66833,5.68
328.49083,6.86444,6.15
328.54333,-4.27611,5.71
327.90542,65.75278,6.37
329.05833,-57.89944,6.19
328.64958,-3.30111,6.20
328.57250,19.71833,6.39
328.98167,-30.60639,6.41
329.09500,-37.25361,5.46
329.25917,-37.74694,6.18
329.47958,-54.99250,4.40
329.62542,-59.01222,6.12
330.46708,-77.66250,6.41
328.72167,56.61139,5.80
329.10000,21.23972,6.40
329.23500,12.07639,5.54
328.83625,61.54194,6.13
328.87958,65.32083,5.86
329.55542,-5.42472,6.33
329.25917,48.66861,6.42
329.68250,-21.18278,6.12
329.82458,-38.39528,5.50
330.76583,-76.11861,5.95
330.10042,-55.88278,6.01
329.72917,-4.37306,6.22
329.16292,63.62556,4.91
329.29625,66.15611,6.43
330.03292,6.71750,6.00
330.20917,-28.45361,5.42
330.84000,-56.78611,4.69
329.72250,62.69833,5.93
330.27083,0.60500,5.58
330.11167,33.00611,6.46
330.27250,13.11972,5.60
330.28833,8.25722,5.65
330.54958,-17.90361,6.28
329.46250,74.99667,6.35
330.61083,-16.96417,6.37
330.50583,10.97389,6.37
329.81250,73.18000,5.03
330.81833,-6.52250,5.54
330.82875,-2.15528,4.69
330.46083,52.88222,5.78
330.82917,11.38639,5.80
331.09958,-29.91667,6.47
330.51917,58.00056,5.56
330.73625,44.65000,5.60
331.15333,-26.82250,5.96
331.46208,-59.63611,5.62
331.19750,-0.90667,5.30
331.52875,-39.54333,4.46
331.14333,32.94194,6.38
331.42000,5.05861,4.84
331.44583,-0.31972,2.96
331.29750,26.67389,5.78
330.97042,63.11972,5.29
330.94750,64.62778,4.29
331.60917,-13.86972,4.27
331.39458,28.96389,5.70
331.31833,46.74472,6.13
331.46083,45.11222,6.44
331.50833,45.01444,5.14
332.05833,-46.96111,1.74
331.25208,62.78556,5.27
331.46333,48.23167,6.27
331.28708,62.28000,5.11
331.55167,45.24861,6.19
331.75292,25.34500,3.76
332.09583,-32.98861,4.50
332.98042,-76.11611,6.15
332.10833,-34.04389,4.99
331.55625,56.34306,6.39
331.86917,19.47556,5.75
331.87500,18.00056,6.35
332.17792,-33.12556,6.37
331.95958,21.70278,5.78
332.24583,-18.51972,5.81
332.49167,-48.10722,6.43
332.07167,25.54361,6.11
331.79000,58.84083,6.32
331.85625,53.30722,6.14
332.48208,-34.01472,5.37
332.06875,49.79639,6.42
332.50042,-28.29250,6.44
332.53667,-32.54833,4.92
332.17083,45.74194,6.11
332.30667,33.17222,5.58
332.55000,6.19778,3.53
332.58792,-3.89417,6.27
332.65625,-11.56500,5.46
332.64083,-4.26722,6.01
332.49667,33.17833,4.29
332.57917,19.61694,6.18
332.59250,14.63000,6.33
332.76000,-21.23250,6.09
332.65583,11.62444,5.78
332.62583,20.97806,6.46
332.71500,30.55306,6.32
332.96375,16.04056,5.95
333.10750,-14.19389,6.03
332.79125,50.82333,5.40
333.23958,-26.32778,6.17
332.71375,58.20111,3.35
333.03333,24.95000,5.92
333.18250,-4.72083,6.39
332.45167,72.34111,4.79
332.87792,59.41444,5.04
333.43500,-25.18083,5.58
334.46042,-77.51167,5.51
332.95333,56.83944,5.24
332.56375,72.11111,6.37
332.66208,70.13278,5.50
333.19917,34.60472,5.33
332.98708,59.08472,6.30
333.66083,-41.38167,6.23
333.57833,-27.76694,5.43
333.00792,60.75944,5.35
333.57500,-21.07417,5.32
335.00625,-80.43972,5.10
333.41083,28.60833,5.89
333.09292,63.29139,5.79
333.89625,-44.45194,6.10
333.46958,39.71500,4.49
333.90375,-41.34667,4.79
333.45542,45.44083,5.53
334.11083,-41.62750,5.10
333.68500,42.95389,5.71
333.45625,63.16250,6.11
333.99917,8.54944,6.21
334.15583,-25.89833,6.15
333.22042,73.30722,6.08
333.75833,57.04361,4.19
334.14000,-1.59639,6.15
334.20042,-12.83139,5.34
334.24917,-23.14000,6.17
333.99250,37.74889,4.13
334.20833,-7.78333,4.16
334.21917,-9.04000,5.79
334.56500,-53.62778,5.37
334.62542,-60.25972,2.86
334.12375,27.80417,6.37
334.27708,-5.38722,5.75
337.90583,-85.96722,5.77
334.11042,57.22028,5.88
334.51792,-0.23778,6.39
334.75333,-13.30500,5.95
335.15083,-57.51000,6.34
334.73417,37.76944,6.17
334.55292,62.80444,5.75
335.04958,-7.82111,5.37
335.11500,5.78944,5.37
335.23250,8.18667,6.17
336.15333,-72.25556,5.29
335.39833,-21.59833,5.13
335.25042,26.93528,6.47
335.41417,-1.38722,3.84
335.16500,50.98083,6.42
335.37958,12.20528,5.01
335.33042,28.33056,4.81
335.25667,46.53667,4.57
335.78333,-45.92861,5.62
336.46250,-75.01556,6.04
336.29375,-70.43167,5.78
335.46208,42.07833,6.41
335.87875,-24.76250,5.53
335.88375,-7.19444,5.93
336.23500,-57.79722,5.32
335.91500,20.84833,6.04
336.02875,-4.83694,5.78
336.11292,-13.52944,5.76
335.75083,57.28444,6.16
335.97583,38.57361,6.22
335.75083,62.42000,6.04
335.89000,52.22917,4.43
336.31917,1.37750,4.66
336.83333,-64.96639,4.48
336.12917,49.47639,4.57
336.54458,-23.68250,6.29
336.41958,18.44444,6.26
336.64333,-16.74250,6.35
333.29417,86.10806,5.27
337.15708,-67.48917,5.55
336.65583,4.39361,5.75
336.69042,37.44389,6.46
336.96458,4.69556,4.79
337.16333,-39.13194,5.47
336.86042,39.80972,6.14
336.94250,31.84028,5.98
337.31750,-43.49556,3.97
336.50333,70.77083,5.47
337.20708,-0.02028,4.59
337.20875,-0.02000,4.42
337.43958,-43.74944,4.11
336.77208,65.13222,5.46
337.28333,9.12889,5.58
337.44167,-27.10722,5.95
337.29250,26.76306,5.79
337.50625,-12.91500,6.40
337.49167,4.43167,5.48
337.57250,-14.58583,6.37
337.08208,64.08556,6.29
337.72375,-26.07361,6.43
337.29292,58.41528,3.75
337.38250,47.70694,4.36
337.66167,-10.67806,4.82
337.50750,32.57250,5.65
337.52708,49.35611,6.40
337.87625,-32.34611,4.29
338.86000,-78.77167,6.15
336.67708,78.78583,5.83
337.62208,43.12333,4.51
337.82667,-2.91111,6.16
337.82667,-6.55500,6.14
338.25042,-61.98222,4.81
337.92208,-10.90556,6.38
337.89250,29.54278,6.35
337.82292,50.28250,3.77
338.14792,20.23000,6.42
338.19542,15.86333,6.32
338.11000,39.77972,5.88
338.07833,54.03750,6.35
338.51208,-1.57417,5.89
337.47042,78.82417,5.50
338.67333,-20.70833,5.20
338.97042,-57.88361,6.23
338.41917,56.62500,5.71
338.90208,-23.99111,5.97
338.83917,-0.11750,4.02
338.32083,70.37389,6.34
338.06750,76.22639,5.68
339.12208,-40.58278,6.28
339.14750,-31.66389,5.82
339.24500,-40.59111,5.86
338.96792,39.63417,5.73
339.03292,35.57722,6.10
339.15167,11.69694,6.40
338.97250,50.07111,6.29
338.96583,56.07000,6.38
339.26958,12.57722,6.30
339.20292,35.65250,6.30
339.43917,-4.22806,5.03
339.59250,-7.89778,6.23
339.34333,51.54528,4.63
339.68625,-28.74778,6.47
338.94208,73.64306,5.08
339.71458,-33.08139,5.66
339.57292,45.18306,6.40
339.71917,19.52222,5.82
339.93333,-28.32528,6.31
340.20375,-57.42222,5.97
339.65792,56.79583,5.21
339.81542,39.05028,4.88
340.09292,-30.65889,5.87
339.94583,19.68111,6.21
339.30417,75.37167,5.79
339.89292,37.59278,6.03
339.66250,63.58444,5.19
340.16417,-27.04361,4.17
340.20000,-3.55417,6.31
341.51375,-81.38167,4.15
340.21958,14.54944,5.71
340.12875,44.27639,4.46
340.07667,53.84611,5.93
340.36542,10.83139,3.40
340.65375,-47.21056,5.98
340.66708,-46.88472,2.10
340.59208,-29.36083,6.17
340.38083,30.96583,6.34
340.67958,-44.24778,6.07
340.36917,40.22556,5.25
340.43917,29.30750,4.79
340.48917,14.51639,5.90
340.40042,41.54944,5.94
340.87500,-41.41444,4.85
340.76458,-8.31167,6.45
341.06875,-60.49944,6.30
340.80958,-6.96278,6.41
340.58667,53.90889,6.12
340.89708,-18.83028,4.69
340.75042,30.22139,2.94
340.73125,37.80278,6.43
340.76875,47.16861,6.39
341.02167,39.46556,5.95
341.40792,-53.50028,4.85
341.02292,41.81917,5.08
341.41958,-46.54750,5.51
341.61792,-49.68583,6.48
341.36750,19.36667,6.25
342.59542,-80.12417,5.35
341.67333,12.17278,4.19
341.54250,44.54611,5.76
341.63292,23.56556,3.95
341.82958,-34.16111,6.28
342.08917,-61.68417,6.37
341.88792,-19.61333,5.26
342.32250,-70.34778,6.34
341.92833,-14.05639,5.66
341.98417,-25.91194,6.30
342.13875,-51.31694,3.49
342.12583,-10.55556,6.19
341.84667,58.48278,6.36
342.04542,37.41667,5.90
342.39792,-13.59250,4.01
342.49625,-32.80528,6.33
342.19917,54.41500,6.12
342.18417,62.93833,6.06
342.50083,24.60167,3.48
342.75917,-39.15694,5.42
342.93708,-59.88139,6.46
342.25292,68.57028,6.19
342.44250,55.90278,5.43
343.04125,-63.18861,6.12
342.59083,41.95361,5.92
342.66292,19.14083,6.40
342.54250,50.67694,6.21
342.83708,-29.53611,5.97
342.42000,66.20056,3.52
343.13167,-32.87556,4.46
342.84500,61.69694,5.60
343.10042,9.83556,5.16
343.15375,-7.57972,3.74
343.00833,43.31250,4.94
343.40792,-48.59806,6.04
343.66417,-70.07361,6.05
341.87083,83.15389,4.74
343.25958,16.84111,5.64
343.36958,-11.61667,5.80
343.21792,50.41194,6.46
343.29708,40.16722,6.34
343.26583,60.10111,6.01
343.41708,44.74917,5.81
343.66250,-15.82083,3.27
343.64208,-7.20472,6.19
343.68958,-16.27194,5.56
343.52917,40.37694,5.81
343.81208,-36.38861,6.40
343.64875,16.94167,6.12
343.74792,1.06472,6.11
343.79583,-4.98778,5.72
343.80708,8.81583,4.90
343.76083,37.07694,5.91
343.96417,-31.63306,6.10
343.98708,-32.53972,4.21
344.10000,-31.56556,6.48
344.19917,-47.96917,5.70
343.93542,36.35167,5.74
344.09833,41.60389,5.59
344.10833,49.73361,4.95
344.32167,-4.81000,6.31
344.41292,-29.62222,1.16
344.36625,20.76889,5.49
344.38667,3.81028,6.28
344.26875,48.68417,5.43
344.64583,-35.52306,6.13
344.41958,39.30889,6.18
344.56458,-2.39528,6.16
344.59875,-1.41028,6.37
342.75917,85.37361,5.90
344.64625,9.35694,6.43
344.67750,7.33972,6.33
344.79917,11.72889,5.75
344.89917,-29.46222,5.51
344.89875,-13.07083,6.07
344.86417,0.96278,5.43
345.02417,-25.16417,5.65
344.79292,52.65444,6.29
344.78750,59.81472,6.43
345.10250,-25.62667,6.29
345.22000,-52.75417,4.12
343.60333,84.34611,4.71
345.28125,-50.95000,5.68
345.15792,0.18583,6.21
345.17875,3.01167,5.83
345.02125,56.94528,5.00
345.33083,-28.85361,5.55
345.14333,45.37500,6.50
345.34583,-22.79083,6.28
345.34833,-7.06111,6.21
345.38208,-4.71139,5.94
345.64167,-36.42083,6.47
345.37792,57.10556,6.20
345.48042,42.32611,3.62
345.63583,-6.57417,6.15
345.68458,-20.87056,5.97
345.65125,42.75778,5.10
345.87417,-34.74944,5.11
345.68833,44.05889,6.39
346.21750,-68.82028,5.52
345.68250,55.23639,6.50
345.99792,-41.47833,5.79
345.96917,3.82000,4.53
346.16500,-53.96500,5.37
345.94375,28.08278,2.42
346.00417,6.61667,6.41
345.84000,58.56472,6.43
345.88708,67.20917,5.24
346.04583,50.05222,4.65
346.19042,15.20528,2.49
346.29083,-7.69361,5.43
346.30333,-17.07917,6.14
346.27625,16.56306,6.44
346.32333,1.30694,6.39
347.09875,-79.48083,6.12
346.72000,-43.52056,4.28
346.57583,18.51750,6.13
346.67042,-23.74306,4.47
346.72333,-38.89222,5.61
346.78958,-49.60667,6.33
346.63292,19.91083,6.30
346.81125,-50.68639,5.83
347.14875,-73.58639,6.15
346.75125,9.40944,4.52
346.77833,25.46833,4.76
346.65375,59.41972,4.85
346.86542,32.82583,6.02
346.86958,21.13417,5.99
346.79208,52.81639,6.11
347.08750,-28.82333,5.60
346.79333,59.72750,6.40
346.91375,46.38722,5.33
346.93917,49.29583,5.70
347.17042,2.12778,5.40
346.94875,63.63333,6.26
347.54875,-66.85750,6.47
348.05000,-80.91278,6.41
346.98833,64.22250,6.21
347.36167,-21.17250,3.66
347.43583,-28.08861,5.87
347.48875,-42.86056,5.81
347.38125,8.67722,5.12
347.45667,-14.51056,6.42
347.47833,-22.45750,4.69
347.54083,-40.59167,5.83
346.97458,75.38750,4.41
347.59000,-45.24667,3.90
347.50625,9.82194,5.39
347.43375,59.33306,5.70
347.67750,17.59444,5.71
347.61333,43.54417,5.94
347.93417,8.72000,5.16
347.95500,26.84722,6.17
348.52750,-62.70000,6.12
348.13750,49.40639,4.52
348.26667,29.44167,6.35
348.32083,57.16833,5.56
348.36042,11.06500,5.82
348.58083,-6.04889,4.22
348.74417,-41.10556,5.77
348.66750,-10.68861,6.12
348.55958,50.61778,6.31
348.59042,29.77167,6.41
348.65208,24.10306,6.36
348.89292,-3.49639,5.55
348.97292,-9.08778,4.21
348.94292,28.24778,6.49
349.24042,-62.00111,5.66
348.65542,74.23111,5.84
349.16542,-44.48917,5.92
349.20750,-41.19444,6.47
349.35750,-58.23583,3.99
349.78375,-79.47278,6.33
349.21208,-7.72667,5.06
348.90750,70.88806,5.56
349.29125,3.28222,3.69
349.17625,53.21361,5.54
349.58333,-67.47111,6.13
349.41667,-11.71306,6.34
349.31917,45.16417,6.43
349.47583,-9.18250,4.39
349.54125,-40.82444,5.53
349.43625,49.01528,4.85
349.48375,45.48889,6.48
352.01542,-87.48222,5.49
349.70583,-32.53194,4.41
349.59750,41.77361,6.02
349.74042,-9.61083,4.98
349.77792,-13.45889,5.08
349.32875,75.29917,6.38
349.85000,-5.12444,5.55
349.85042,-18.07528,5.93
349.76000,45.13722,6.50
349.93000,-33.70806,6.37
349.65625,68.11167,4.75
349.86417,34.79333,6.32
349.87417,48.62528,5.44
349.92333,48.38083,6.32
349.96833,42.07806,5.79
350.20833,-50.30667,6.05
350.08583,5.38139,5.05
350.17042,-5.90806,6.17
350.15917,23.74028,4.60
350.05958,61.97000,6.45
350.20667,30.41500,5.59
350.31458,-26.98667,5.64
350.18333,44.11639,6.13
350.22208,38.18222,5.77
350.14417,62.21306,6.39
350.47875,31.81250,5.32
350.73708,-60.05583,6.09
350.66333,-15.03917,5.20
350.66875,20.82861,6.29
350.74250,-20.10056,3.97
350.76917,12.31389,5.08
350.63542,60.13361,5.56
350.97625,-53.80833,6.15
350.93917,-43.12444,6.10
350.88292,0.29139,6.31
351.05458,-51.89139,5.75
351.03250,-18.68750,6.19
351.33083,-56.84917,5.59
351.21167,32.38500,5.57
351.20958,62.28278,4.98
351.34500,23.40417,4.40
351.51167,-20.64194,4.39
351.65250,-52.72167,5.52
351.78000,-66.58111,6.45
351.81250,-58.47611,5.63
351.78792,-50.15722,6.20
351.73333,1.25556,4.94
351.81167,1.12250,6.25
351.78083,42.91194,5.75
352.00292,-35.54444,6.32
351.91833,25.16722,5.98
351.99208,6.37889,4.28
352.02167,-11.44972,6.37
351.81917,70.35972,5.60
352.25417,-63.11083,5.68
352.25333,-44.49778,6.43
352.25250,-9.26611,6.18
352.27333,23.04778,6.35
352.28875,12.76056,4.55
352.38375,-4.53278,6.25
352.53083,49.13306,6.17
352.50833,58.54889,4.91
352.66542,38.66194,6.05
352.75458,-6.28833,6.39
352.86250,-44.84361,6.02
352.82250,39.23639,5.22
352.88125,-4.08722,6.49
352.92542,-21.36944,6.29
352.92958,28.40361,6.41
352.99000,-1.08583,6.38
353.33125,-77.38528,5.81
353.24292,-37.81833,4.37
351.75333,87.30750,5.58
353.31917,-20.91444,4.71
353.36708,22.49889,5.32
353.42792,45.05806,6.24
353.48125,20.84083,6.06
353.48833,31.32528,4.98
353.53750,-1.24750,5.87
353.70583,-15.24583,5.96
353.65625,40.23639,5.59
353.65917,33.49722,5.63
353.76917,-42.61500,4.71
353.69458,38.02389,6.18
353.88375,-7.46444,6.39
353.74583,71.64222,5.84
353.98292,24.56111,6.45
354.09708,2.10222,5.68
354.12708,32.90417,6.35
354.60042,-76.87000,6.00
354.41500,-13.06028,5.65
354.46250,-45.49250,4.74
354.41583,16.82556,6.26
354.39125,46.45806,3.82
354.38333,44.42917,5.80
354.48667,18.40056,5.53
354.53417,43.26806,4.29
354.86667,-46.63778,6.09
354.78458,50.47167,5.30
354.94625,-14.22167,5.00
354.98750,5.62639,4.13
354.97958,9.67722,5.97
354.79333,75.29278,5.95
354.83792,74.00278,5.98
354.83667,77.63250,3.21
355.15917,-32.07306,5.31
355.10208,44.33389,4.14
355.16917,36.72083,6.23
355.28708,-11.68056,5.89
355.39375,-18.02722,5.34
355.36208,49.51222,6.26
355.44083,-17.81639,4.82
355.48625,7.25056,5.89
355.51167,1.78000,4.50
355.47708,57.26000,6.24
355.61625,-15.44778,5.28
355.68042,-14.54500,4.49
355.63125,61.67944,6.40
355.84333,10.33139,5.06
355.95625,-15.28444,6.36
356.00583,-45.08333,6.09
356.10583,-70.49028,6.07
356.16958,-78.79139,5.75
356.05000,-64.40444,5.72
355.99792,29.36167,4.93
356.05042,-18.27694,5.24
356.12042,-26.24639,6.17
356.50500,-40.18250,6.31
356.50375,-18.67806,5.29
356.50875,46.42028,4.95
356.59792,3.48667,5.04
356.65292,66.78222,5.95
356.81667,-50.22667,5.18
356.76458,58.65194,4.87
356.81625,-11.91083,5.73
356.75792,57.45139,5.51
356.88833,46.83250,6.07
356.98542,-2.76167,5.49
356.97833,67.80694,5.04
357.13542,-6.38056,6.07
357.20542,2.21417,6.46
357.23167,-28.13028,4.57
357.16250,64.87639,6.41
357.20917,62.21444,5.43
357.22458,59.97889,6.34
357.30000,58.96306,6.33
357.38167,-15.86111,6.24
357.36458,1.07611,5.77
357.42083,36.42528,5.90
357.41417,28.84250,5.97
357.45667,-25.33139,6.42
357.56125,-9.97417,5.94
357.59292,51.62167,6.44
357.63875,-14.40194,5.72
357.83833,9.31333,5.79
357.83875,-18.90889,5.18
358.02667,-82.01889,5.11
357.99125,2.93028,5.55
358.09750,21.67083,6.11
358.12208,19.12028,5.08
358.12500,-14.25111,5.87
358.10458,75.54472,6.39
358.15458,10.94750,5.30
358.21042,-8.99667,5.75
358.23167,-3.15556,5.93
358.27000,2.09056,6.28
358.33667,-24.22917,6.24
358.58917,-27.04222,6.35
358.59583,57.49944,4.54
358.66083,-40.30000,6.03
358.69417,0.10917,5.61
358.78250,7.07111,6.21
358.81917,-31.92167,6.10
358.89042,57.41222,6.00
358.89000,47.35583,6.00
359.12458,-24.73722,6.31
359.17292,22.64806,6.15
359.26500,42.65833,5.97
359.28458,-26.62361,6.26
359.28542,55.70583,5.55
359.33292,-62.95639,5.97
359.38625,-82.17000,5.73
359.39667,-64.29833,5.00
359.38958,60.02361,6.47
359.43958,25.14139,4.66
359.58833,-15.84750,6.26
359.60333,51.38861,4.80
359.66833,-3.55611,4.86
359.73250,-52.74583,5.13
359.75208,55.75500,4.88
359.82792,6.86333,4.01
359.86625,-29.48500,5.62
359.97917,-65.57722,4.50
0.08000,-44.29056,6.29
0.09958,26.91833,6.46
0.12875,59.55972,6.19
0.18208,45.25333,6.38
0.26875,-48.81000,5.71
0.33333,-50.33722,5.53
0.33042,49.98167,6.22
0.39875,-77.06583,4.78
0.40375,61.22306,5.55
0.43250,42.36722,6.25
0.45583,-3.02750,5.10
0.54250,27.08194,5.75
0.49000,-6.01417,4.41
0.58292,-29.72028,5.01
0.60083,8.95694,6.32
0.62375,8.48556,5.63
0.65042,66.09889,5.86
0.74000,-20.04611,6.25
0.78208,-24.14528,6.44
0.85708,63.64194,6.24
0.93500,-17.33611,4.55
0.96625,66.71222,6.29
1.05667,62.28778,5.88
1.08208,-16.52889,5.78
1.08458,-29.26861,6.40
1.12542,-10.50944,4.94
1.17500,67.16667,5.67
1.15292,42.09222,6.01
1.22417,34.65972,6.12
1.17208,-71.43694,5.59
1.23333,26.64889,6.25
1.27583,61.31417,5.80
